<!DOCTYPE html><html lang="en"><head><meta charSet="utf-8"/><meta name="viewport" content="width=device-width"/><title>4Geeks</title><meta name="description" content="4Geeks&#x27;s mission is to accelerate the way software developers learn and evolve."/><link rel="icon" href="/4Geeks.ico"/><meta property="og:site_name" content="4Geeks"/><meta property="og:title" content="4Geeks"/><meta property="og:url" content="https://4geeks.com"/><meta property="og:description" content="4Geeks&#x27;s mission is to accelerate the way software developers learn and evolve."/><meta property="og:image" content="https://4geeks.com/static/images/4geeks.png"/><meta property="og:image:secure_url" content="https://4geeks.com/static/images/4geeks.png"/><meta property="og:type" content="website"/><meta property="twitter:card" content="summary"/><meta property="twitter:site" content="@4GeeksAcademy"/><meta property="twitter:title" content="4Geeks"/><meta property="twitter:description" content="4Geeks&#x27;s mission is to accelerate the way software developers learn and evolve."/><meta property="twitter:image" content="https://4geeks.com/static/images/4geeks.png"/><meta property="twitter:image:alt" content="4Geeks&#x27;s mission is to accelerate the way software developers learn and evolve."/><meta name="next-head-count" content="18"/><meta charSet="UTF-8"/><meta content="ie=edge" http-equiv="X-UA-Compatible"/><meta name="google" content="notranslate"/><link data-next-font="" rel="preconnect" href="/" crossorigin="anonymous"/><link rel="preload" href="/_next/static/css/65995eef0cee92cc.css" as="style"/><link rel="stylesheet" href="/_next/static/css/65995eef0cee92cc.css" data-n-g=""/><link rel="preload" href="/_next/static/css/bd34d09894f45975.css" as="style"/><link rel="stylesheet" href="/_next/static/css/bd34d09894f45975.css" data-n-p=""/><link rel="preload" href="/_next/static/css/ad9f6ae0c1071b08.css" as="style"/><link rel="stylesheet" href="/_next/static/css/ad9f6ae0c1071b08.css" data-n-p=""/><noscript data-n-css=""></noscript><script defer="" nomodule="" src="/_next/static/chunks/polyfills-c67a75d1b6f99dc8.js"></script><script src="/_next/static/chunks/webpack-571b8f00ea32f271.js" defer=""></script><script src="/_next/static/chunks/framework-15112c6f009dfe27.js" defer=""></script><script src="/_next/static/chunks/main-65c50de79d65a895.js" defer=""></script><script src="/_next/static/chunks/pages/_app-9ac1feb2a7c9c174.js" defer=""></script><script src="/_next/static/chunks/175675d1-9e790ce2de607ae6.js" defer=""></script><script src="/_next/static/chunks/57e613a8-4ed9070499187018.js" defer=""></script><script src="/_next/static/chunks/a2bf56a3-16fd0d1e1d2f9f0a.js" defer=""></script><script src="/_next/static/chunks/33972-ab90ceb111ff49cb.js" defer=""></script><script src="/_next/static/chunks/22921-36957ab3f27c22de.js" defer=""></script><script src="/_next/static/chunks/80160-5a645bbfcb6fbf22.js" defer=""></script><script src="/_next/static/chunks/51999-9415676b50e2c5c6.js" defer=""></script><script src="/_next/static/chunks/85033-b14e264649567dd8.js" defer=""></script><script src="/_next/static/chunks/49439-64affe57033d4bee.js" defer=""></script><script src="/_next/static/chunks/82859-db929b04bcb2e05a.js" defer=""></script><script src="/_next/static/chunks/96839-b5de00e234318780.js" defer=""></script><script src="/_next/static/chunks/33522-26ce3a008b4b5781.js" defer=""></script><script src="/_next/static/chunks/93114-d72b89c6bf2f52f8.js" defer=""></script><script src="/_next/static/chunks/31562-ff4c1a6cdf58a5f6.js" defer=""></script><script src="/_next/static/chunks/71306-ab20bb98fa19926b.js" defer=""></script><script src="/_next/static/chunks/3232-e3a7a12d13aefc19.js" defer=""></script><script src="/_next/static/chunks/12239-a4a9852fc724b3a0.js" defer=""></script><script src="/_next/static/chunks/16661-0b2eae3b515198fe.js" defer=""></script><script src="/_next/static/chunks/66083-f4e9754df6fc696a.js" defer=""></script><script src="/_next/static/chunks/94615-4535a204e99c0436.js" defer=""></script><script src="/_next/static/chunks/pages/cohort/%5BcohortSlug%5D/%5Bslug%5D/%5Bversion%5D-cc390571ec268b61.js" defer=""></script><script src="/_next/static/pzSlG-2DBQStFWH6IsMrT/_buildManifest.js" defer=""></script><script src="/_next/static/pzSlG-2DBQStFWH6IsMrT/_ssgManifest.js" defer=""></script><style data-emotion-css=""></style><link rel="stylesheet" href="https://cdn.jsdelivr.net/npm/katex@0.16.0/dist/katex.min.css" integrity="sha384-Xi8rHCmBmhbuyyhbI88391ZKP2dmfnOl4rT9ZfRI7mLTdk1wblIUnrIq35nqwEvC" crossorigin="anonymous"/></head><body><script id="chakra-script">!(function(){try{var a=function(c){var v="(prefers-color-scheme: dark)",h=window.matchMedia(v).matches?"dark":"light",r=c==="system"?h:c,o=document.documentElement,s=document.body,l="chakra-ui-light",d="chakra-ui-dark",i=r==="dark";return s.classList.add(i?d:l),s.classList.remove(i?l:d),o.style.colorScheme=r,o.dataset.theme=r,r},n=a,m="light",e="chakra-ui-color-mode",t=localStorage.getItem(e);t?a(t):localStorage.setItem(e,a(m))}catch(a){}})();</script><div id="__next"><style data-emotion="css-global 1l4rwn6">:host,:root,[data-theme]{--chakra-ring-inset:var(--chakra-empty,/*!*/ /*!*/);--chakra-ring-offset-width:0px;--chakra-ring-offset-color:#fff;--chakra-ring-color:rgba(66, 153, 225, 0.6);--chakra-ring-offset-shadow:0 0 #0000;--chakra-ring-shadow:0 0 #0000;--chakra-space-x-reverse:0;--chakra-space-y-reverse:0;--chakra-colors-transparent:transparent;--chakra-colors-current:currentColor;--chakra-colors-black:#000000;--chakra-colors-white:#FFFFFF;--chakra-colors-whiteAlpha-50:rgba(255, 255, 255, 0.04);--chakra-colors-whiteAlpha-100:rgba(255, 255, 255, 0.06);--chakra-colors-whiteAlpha-200:rgba(255, 255, 255, 0.08);--chakra-colors-whiteAlpha-300:rgba(255, 255, 255, 0.16);--chakra-colors-whiteAlpha-400:rgba(255, 255, 255, 0.24);--chakra-colors-whiteAlpha-500:rgba(255, 255, 255, 0.36);--chakra-colors-whiteAlpha-600:rgba(255, 255, 255, 0.48);--chakra-colors-whiteAlpha-700:rgba(255, 255, 255, 0.64);--chakra-colors-whiteAlpha-800:rgba(255, 255, 255, 0.80);--chakra-colors-whiteAlpha-900:rgba(255, 255, 255, 0.92);--chakra-colors-blackAlpha-50:rgba(0, 0, 0, 0.04);--chakra-colors-blackAlpha-100:rgba(0, 0, 0, 0.06);--chakra-colors-blackAlpha-200:rgba(0, 0, 0, 0.08);--chakra-colors-blackAlpha-300:rgba(0, 0, 0, 0.16);--chakra-colors-blackAlpha-400:rgba(0, 0, 0, 0.24);--chakra-colors-blackAlpha-500:rgba(0, 0, 0, 0.36);--chakra-colors-blackAlpha-600:rgba(0, 0, 0, 0.48);--chakra-colors-blackAlpha-700:rgba(0, 0, 0, 0.64);--chakra-colors-blackAlpha-800:rgba(0, 0, 0, 0.80);--chakra-colors-blackAlpha-900:rgba(0, 0, 0, 0.92);--chakra-colors-gray-50:#F7FAFC;--chakra-colors-gray-100:#EDF2F7;--chakra-colors-gray-200:#E2E8F0;--chakra-colors-gray-250:#EBEBEB;--chakra-colors-gray-300:#CBD5E0;--chakra-colors-gray-350:#C4C4C4;--chakra-colors-gray-400:#A0AEC0;--chakra-colors-gray-500:#718096;--chakra-colors-gray-600:#606060;--chakra-colors-gray-700:#4A5568;--chakra-colors-gray-800:#2D3748;--chakra-colors-gray-900:#1A202C;--chakra-colors-gray-default:#A4A4A4;--chakra-colors-gray-light:#F5F5F5;--chakra-colors-gray-light2:#FAFAFA;--chakra-colors-gray-light3:#F9F9F9;--chakra-colors-gray-dark:#3A3A3A;--chakra-colors-red-50:#FFF5F5;--chakra-colors-red-100:#FED7D7;--chakra-colors-red-200:#FEB2B2;--chakra-colors-red-300:#FC8181;--chakra-colors-red-400:#F56565;--chakra-colors-red-500:#E53E3E;--chakra-colors-red-600:#C53030;--chakra-colors-red-700:#9B2C2C;--chakra-colors-red-800:#822727;--chakra-colors-red-900:#63171B;--chakra-colors-red-light:#FFBEBE;--chakra-colors-red-light2:#FFE7DC;--chakra-colors-orange-50:#FFFAF0;--chakra-colors-orange-100:#FEEBC8;--chakra-colors-orange-200:#FBD38D;--chakra-colors-orange-300:#F6AD55;--chakra-colors-orange-400:#ED8936;--chakra-colors-orange-500:#DD6B20;--chakra-colors-orange-600:#C05621;--chakra-colors-orange-700:#9C4221;--chakra-colors-orange-800:#7B341E;--chakra-colors-orange-900:#652B19;--chakra-colors-yellow-50:#FFFFF0;--chakra-colors-yellow-100:#FEFCBF;--chakra-colors-yellow-200:#FAF089;--chakra-colors-yellow-300:#F6E05E;--chakra-colors-yellow-400:#ECC94B;--chakra-colors-yellow-500:#e69e00;--chakra-colors-yellow-600:#D69E2E;--chakra-colors-yellow-700:#975A16;--chakra-colors-yellow-800:#744210;--chakra-colors-yellow-900:#5F370E;--chakra-colors-yellow-default:#FFB718;--chakra-colors-yellow-light:#FFF4DC;--chakra-colors-green-50:#F0FFF4;--chakra-colors-green-100:#C6F6D5;--chakra-colors-green-200:#9AE6B4;--chakra-colors-green-300:#68D391;--chakra-colors-green-400:#25BF6C;--chakra-colors-green-500:#38A56A;--chakra-colors-green-600:#2F855A;--chakra-colors-green-700:#276749;--chakra-colors-green-800:#22543D;--chakra-colors-green-900:#1C4532;--chakra-colors-green-light:#A4FFBD;--chakra-colors-teal-50:#E6FFFA;--chakra-colors-teal-100:#B2F5EA;--chakra-colors-teal-200:#81E6D9;--chakra-colors-teal-300:#4FD1C5;--chakra-colors-teal-400:#38B2AC;--chakra-colors-teal-500:#319795;--chakra-colors-teal-600:#2C7A7B;--chakra-colors-teal-700:#285E61;--chakra-colors-teal-800:#234E52;--chakra-colors-teal-900:#1D4044;--chakra-colors-blue-50:#E3F2FF;--chakra-colors-blue-100:#BEE3F8;--chakra-colors-blue-200:#90CDF4;--chakra-colors-blue-300:#63B3ED;--chakra-colors-blue-400:#00ABE9;--chakra-colors-blue-500:#3182CE;--chakra-colors-blue-600:#0083B3;--chakra-colors-blue-700:#2B6CB0;--chakra-colors-blue-800:#2C5282;--chakra-colors-blue-900:#01455E;--chakra-colors-blue-1000:#008DD2;--chakra-colors-blue-1100:#00ABEB;--chakra-colors-blue-1200:#2EC7FF;--chakra-colors-blue-default:#0084FF;--chakra-colors-blue-light:#EEF9FE;--chakra-colors-cyan-50:#EDFDFD;--chakra-colors-cyan-100:#C4F1F9;--chakra-colors-cyan-200:#9DECF9;--chakra-colors-cyan-300:#76E4F7;--chakra-colors-cyan-400:#0BC5EA;--chakra-colors-cyan-500:#00B5D8;--chakra-colors-cyan-600:#00A3C4;--chakra-colors-cyan-700:#0987A0;--chakra-colors-cyan-800:#086F83;--chakra-colors-cyan-900:#065666;--chakra-colors-purple-50:#FAF5FF;--chakra-colors-purple-100:#E9D8FD;--chakra-colors-purple-200:#D6BCFA;--chakra-colors-purple-300:#B794F4;--chakra-colors-purple-400:#9F7AEA;--chakra-colors-purple-500:#805AD5;--chakra-colors-purple-600:#6B46C1;--chakra-colors-purple-700:#553C9A;--chakra-colors-purple-800:#44337A;--chakra-colors-purple-900:#322659;--chakra-colors-pink-50:#FFF5F7;--chakra-colors-pink-100:#FED7E2;--chakra-colors-pink-200:#FBB6CE;--chakra-colors-pink-300:#F687B3;--chakra-colors-pink-400:#ED64A6;--chakra-colors-pink-500:#D53F8C;--chakra-colors-pink-600:#B83280;--chakra-colors-pink-700:#97266D;--chakra-colors-pink-800:#702459;--chakra-colors-pink-900:#521B41;--chakra-colors-linkedin-50:#E8F4F9;--chakra-colors-linkedin-100:#CFEDFB;--chakra-colors-linkedin-200:#9BDAF3;--chakra-colors-linkedin-300:#68C7EC;--chakra-colors-linkedin-400:#34B3E4;--chakra-colors-linkedin-500:#00A0DC;--chakra-colors-linkedin-600:#008CC9;--chakra-colors-linkedin-700:#0077B5;--chakra-colors-linkedin-800:#005E93;--chakra-colors-linkedin-900:#004471;--chakra-colors-facebook-50:#E8F4F9;--chakra-colors-facebook-100:#D9DEE9;--chakra-colors-facebook-200:#B7C2DA;--chakra-colors-facebook-300:#6482C0;--chakra-colors-facebook-400:#4267B2;--chakra-colors-facebook-500:#385898;--chakra-colors-facebook-600:#314E89;--chakra-colors-facebook-700:#29487D;--chakra-colors-facebook-800:#223B67;--chakra-colors-facebook-900:#1E355B;--chakra-colors-messenger-50:#D0E6FF;--chakra-colors-messenger-100:#B9DAFF;--chakra-colors-messenger-200:#A2CDFF;--chakra-colors-messenger-300:#7AB8FF;--chakra-colors-messenger-400:#2E90FF;--chakra-colors-messenger-500:#0078FF;--chakra-colors-messenger-600:#0063D1;--chakra-colors-messenger-700:#0052AC;--chakra-colors-messenger-800:#003C7E;--chakra-colors-messenger-900:#002C5C;--chakra-colors-whatsapp-50:#dffeec;--chakra-colors-whatsapp-100:#b9f5d0;--chakra-colors-whatsapp-200:#90edb3;--chakra-colors-whatsapp-300:#65e495;--chakra-colors-whatsapp-400:#3cdd78;--chakra-colors-whatsapp-500:#22c35e;--chakra-colors-whatsapp-600:#179848;--chakra-colors-whatsapp-700:#0c6c33;--chakra-colors-whatsapp-800:#01421c;--chakra-colors-whatsapp-900:#001803;--chakra-colors-twitter-50:#E5F4FD;--chakra-colors-twitter-100:#C8E9FB;--chakra-colors-twitter-200:#A8DCFA;--chakra-colors-twitter-300:#83CDF7;--chakra-colors-twitter-400:#57BBF5;--chakra-colors-twitter-500:#1DA1F2;--chakra-colors-twitter-600:#1A94DA;--chakra-colors-twitter-700:#1681BF;--chakra-colors-twitter-800:#136B9E;--chakra-colors-twitter-900:#0D4D71;--chakra-colors-telegram-50:#E3F2F9;--chakra-colors-telegram-100:#C5E4F3;--chakra-colors-telegram-200:#A2D4EC;--chakra-colors-telegram-300:#7AC1E4;--chakra-colors-telegram-400:#47A9DA;--chakra-colors-telegram-500:#0088CC;--chakra-colors-telegram-600:#007AB8;--chakra-colors-telegram-700:#006BA1;--chakra-colors-telegram-800:#005885;--chakra-colors-telegram-900:#003F5E;--chakra-colors-featuredLight:#EEF9FE;--chakra-colors-darkTheme:#17202A;--chakra-colors-featuredDark:#283340;--chakra-colors-blueDefaultScheme-100:#EBF8FF;--chakra-colors-blueDefaultScheme-200:#BEE3F8;--chakra-colors-blueDefaultScheme-300:#90CDF4;--chakra-colors-blueDefaultScheme-400:#63B3ED;--chakra-colors-blueDefaultScheme-500:#0097CD;--chakra-colors-blueDefaultScheme-600:#0097CD;--chakra-colors-blueDefaultScheme-700:#0097CD;--chakra-colors-success:#25BF6C;--chakra-colors-danger:#CD0000;--chakra-borders-none:0;--chakra-borders-1px:1px solid;--chakra-borders-2px:2px solid;--chakra-borders-4px:4px solid;--chakra-borders-8px:8px solid;--chakra-fonts-heading:Lato;--chakra-fonts-body:Lato;--chakra-fonts-mono:SFMono-Regular,Menlo,Monaco,Consolas,"Liberation Mono","Courier New",monospace;--chakra-fontSizes-3xs:0.45rem;--chakra-fontSizes-2xs:0.625rem;--chakra-fontSizes-xs:0.75rem;--chakra-fontSizes-sm:0.875rem;--chakra-fontSizes-md:1rem;--chakra-fontSizes-lg:1.125rem;--chakra-fontSizes-xl:1.25rem;--chakra-fontSizes-2xl:1.5rem;--chakra-fontSizes-3xl:1.875rem;--chakra-fontSizes-4xl:2.25rem;--chakra-fontSizes-5xl:3rem;--chakra-fontSizes-6xl:3.75rem;--chakra-fontSizes-7xl:4.5rem;--chakra-fontSizes-8xl:6rem;--chakra-fontSizes-9xl:8rem;--chakra-fontWeights-hairline:100;--chakra-fontWeights-thin:200;--chakra-fontWeights-light:300;--chakra-fontWeights-normal:400;--chakra-fontWeights-medium:500;--chakra-fontWeights-semibold:600;--chakra-fontWeights-bold:700;--chakra-fontWeights-extrabold:800;--chakra-fontWeights-black:900;--chakra-letterSpacings-tighter:-0.05em;--chakra-letterSpacings-tight:-0.025em;--chakra-letterSpacings-normal:0;--chakra-letterSpacings-wide:0.025em;--chakra-letterSpacings-wider:0.05em;--chakra-letterSpacings-widest:0.1em;--chakra-lineHeights-3:.75rem;--chakra-lineHeights-4:1rem;--chakra-lineHeights-5:1.25rem;--chakra-lineHeights-6:1.5rem;--chakra-lineHeights-7:1.75rem;--chakra-lineHeights-8:2rem;--chakra-lineHeights-9:2.25rem;--chakra-lineHeights-10:2.5rem;--chakra-lineHeights-normal:normal;--chakra-lineHeights-none:1;--chakra-lineHeights-shorter:1.25;--chakra-lineHeights-short:1.375;--chakra-lineHeights-base:1.5;--chakra-lineHeights-tall:1.625;--chakra-lineHeights-taller:2;--chakra-radii-none:0;--chakra-radii-sm:0.125rem;--chakra-radii-base:0.25rem;--chakra-radii-md:0.375rem;--chakra-radii-lg:0.5rem;--chakra-radii-xl:0.75rem;--chakra-radii-2xl:1rem;--chakra-radii-3xl:1.5rem;--chakra-radii-full:9999px;--chakra-space-1:0.25rem;--chakra-space-2:0.5rem;--chakra-space-3:0.75rem;--chakra-space-4:1rem;--chakra-space-5:1.25rem;--chakra-space-6:1.5rem;--chakra-space-7:1.75rem;--chakra-space-8:2rem;--chakra-space-9:2.25rem;--chakra-space-10:2.5rem;--chakra-space-12:3rem;--chakra-space-14:3.5rem;--chakra-space-16:4rem;--chakra-space-20:5rem;--chakra-space-24:6rem;--chakra-space-28:7rem;--chakra-space-32:8rem;--chakra-space-36:9rem;--chakra-space-40:10rem;--chakra-space-44:11rem;--chakra-space-48:12rem;--chakra-space-52:13rem;--chakra-space-56:14rem;--chakra-space-60:15rem;--chakra-space-64:16rem;--chakra-space-72:18rem;--chakra-space-80:20rem;--chakra-space-96:24rem;--chakra-space-px:1px;--chakra-space-0-5:0.125rem;--chakra-space-1-5:0.375rem;--chakra-space-2-5:0.625rem;--chakra-space-3-5:0.875rem;--chakra-shadows-xs:0 0 0 1px rgba(0, 0, 0, 0.05);--chakra-shadows-sm:0 1px 2px 0 rgba(0, 0, 0, 0.05);--chakra-shadows-base:0 1px 3px 0 rgba(0, 0, 0, 0.1),0 1px 2px 0 rgba(0, 0, 0, 0.06);--chakra-shadows-md:0 4px 6px -1px rgba(0, 0, 0, 0.1),0 2px 4px -1px rgba(0, 0, 0, 0.06);--chakra-shadows-lg:0 10px 15px -3px rgba(0, 0, 0, 0.1),0 4px 6px -2px rgba(0, 0, 0, 0.05);--chakra-shadows-xl:0 20px 25px -5px rgba(0, 0, 0, 0.1),0 10px 10px -5px rgba(0, 0, 0, 0.04);--chakra-shadows-2xl:0 25px 50px -12px rgba(0, 0, 0, 0.25);--chakra-shadows-outline:0 0 0 3px rgba(66, 153, 225, 0.6);--chakra-shadows-inner:inset 0 2px 4px 0 rgba(0,0,0,0.06);--chakra-shadows-none:none;--chakra-shadows-dark-lg:rgba(0, 0, 0, 0.1) 0px 0px 0px 1px,rgba(0, 0, 0, 0.2) 0px 5px 10px,rgba(0, 0, 0, 0.4) 0px 15px 40px;--chakra-sizes-1:0.25rem;--chakra-sizes-2:0.5rem;--chakra-sizes-3:0.75rem;--chakra-sizes-4:1rem;--chakra-sizes-5:1.25rem;--chakra-sizes-6:1.5rem;--chakra-sizes-7:1.75rem;--chakra-sizes-8:2rem;--chakra-sizes-9:2.25rem;--chakra-sizes-10:2.5rem;--chakra-sizes-12:3rem;--chakra-sizes-14:3.5rem;--chakra-sizes-16:4rem;--chakra-sizes-20:5rem;--chakra-sizes-24:6rem;--chakra-sizes-28:7rem;--chakra-sizes-32:8rem;--chakra-sizes-36:9rem;--chakra-sizes-40:10rem;--chakra-sizes-44:11rem;--chakra-sizes-48:12rem;--chakra-sizes-52:13rem;--chakra-sizes-56:14rem;--chakra-sizes-60:15rem;--chakra-sizes-64:16rem;--chakra-sizes-72:18rem;--chakra-sizes-80:20rem;--chakra-sizes-96:24rem;--chakra-sizes-px:1px;--chakra-sizes-0-5:0.125rem;--chakra-sizes-1-5:0.375rem;--chakra-sizes-2-5:0.625rem;--chakra-sizes-3-5:0.875rem;--chakra-sizes-max:max-content;--chakra-sizes-min:min-content;--chakra-sizes-full:100%;--chakra-sizes-3xs:14rem;--chakra-sizes-2xs:16rem;--chakra-sizes-xs:20rem;--chakra-sizes-sm:24rem;--chakra-sizes-md:28rem;--chakra-sizes-lg:32rem;--chakra-sizes-xl:36rem;--chakra-sizes-2xl:42rem;--chakra-sizes-3xl:48rem;--chakra-sizes-4xl:56rem;--chakra-sizes-5xl:64rem;--chakra-sizes-6xl:72rem;--chakra-sizes-7xl:80rem;--chakra-sizes-8xl:90rem;--chakra-sizes-prose:60ch;--chakra-sizes-container-sm:640px;--chakra-sizes-container-md:768px;--chakra-sizes-container-lg:1024px;--chakra-sizes-container-xl:1280px;--chakra-zIndices-hide:-1;--chakra-zIndices-auto:auto;--chakra-zIndices-base:0;--chakra-zIndices-docked:10;--chakra-zIndices-dropdown:1000;--chakra-zIndices-sticky:1100;--chakra-zIndices-banner:1200;--chakra-zIndices-overlay:1300;--chakra-zIndices-modal:1400;--chakra-zIndices-popover:1500;--chakra-zIndices-skipLink:1600;--chakra-zIndices-toast:1700;--chakra-zIndices-tooltip:1800;--chakra-transition-property-common:background-color,border-color,color,fill,stroke,opacity,box-shadow,transform;--chakra-transition-property-colors:background-color,border-color,color,fill,stroke;--chakra-transition-property-dimensions:width,height;--chakra-transition-property-position:left,right,top,bottom;--chakra-transition-property-background:background-color,background-image,background-position;--chakra-transition-easing-ease-in:cubic-bezier(0.4, 0, 1, 1);--chakra-transition-easing-ease-out:cubic-bezier(0, 0, 0.2, 1);--chakra-transition-easing-ease-in-out:cubic-bezier(0.4, 0, 0.2, 1);--chakra-transition-duration-ultra-fast:50ms;--chakra-transition-duration-faster:100ms;--chakra-transition-duration-fast:150ms;--chakra-transition-duration-normal:200ms;--chakra-transition-duration-slow:300ms;--chakra-transition-duration-slower:400ms;--chakra-transition-duration-ultra-slow:500ms;--chakra-blur-none:0;--chakra-blur-sm:4px;--chakra-blur-base:8px;--chakra-blur-md:12px;--chakra-blur-lg:16px;--chakra-blur-xl:24px;--chakra-blur-2xl:40px;--chakra-blur-3xl:64px;--chakra-breakpoints-base:0em;--chakra-breakpoints-sm:30em;--chakra-breakpoints-md:48em;--chakra-breakpoints-lg:62.25em;--chakra-breakpoints-xl:80em;--chakra-breakpoints-2xl:96em;}.chakra-ui-light :host:not([data-theme]),.chakra-ui-light :root:not([data-theme]),.chakra-ui-light [data-theme]:not([data-theme]),[data-theme=light] :host:not([data-theme]),[data-theme=light] :root:not([data-theme]),[data-theme=light] [data-theme]:not([data-theme]),:host[data-theme=light],:root[data-theme=light],[data-theme][data-theme=light]{--chakra-colors-chakra-body-text:var(--chakra-colors-gray-800);--chakra-colors-chakra-body-bg:var(--chakra-colors-white);--chakra-colors-chakra-border-color:var(--chakra-colors-gray-200);--chakra-colors-chakra-inverse-text:var(--chakra-colors-white);--chakra-colors-chakra-subtle-bg:var(--chakra-colors-gray-100);--chakra-colors-chakra-subtle-text:var(--chakra-colors-gray-600);--chakra-colors-chakra-placeholder-color:var(--chakra-colors-gray-500);}.chakra-ui-dark :host:not([data-theme]),.chakra-ui-dark :root:not([data-theme]),.chakra-ui-dark [data-theme]:not([data-theme]),[data-theme=dark] :host:not([data-theme]),[data-theme=dark] :root:not([data-theme]),[data-theme=dark] [data-theme]:not([data-theme]),:host[data-theme=dark],:root[data-theme=dark],[data-theme][data-theme=dark]{--chakra-colors-chakra-body-text:var(--chakra-colors-whiteAlpha-900);--chakra-colors-chakra-body-bg:var(--chakra-colors-gray-800);--chakra-colors-chakra-border-color:var(--chakra-colors-whiteAlpha-300);--chakra-colors-chakra-inverse-text:var(--chakra-colors-gray-800);--chakra-colors-chakra-subtle-bg:var(--chakra-colors-gray-700);--chakra-colors-chakra-subtle-text:var(--chakra-colors-gray-400);--chakra-colors-chakra-placeholder-color:var(--chakra-colors-whiteAlpha-400);}</style><style data-emotion="css-global fubdgu">html{line-height:1.5;-webkit-text-size-adjust:100%;font-family:system-ui,sans-serif;-webkit-font-smoothing:antialiased;text-rendering:optimizeLegibility;-moz-osx-font-smoothing:grayscale;touch-action:manipulation;}body{position:relative;min-height:100%;margin:0;font-feature-settings:"kern";}:where(*, *::before, *::after){border-width:0;border-style:solid;box-sizing:border-box;word-wrap:break-word;}main{display:block;}hr{border-top-width:1px;box-sizing:content-box;height:0;overflow:visible;}:where(pre, code, kbd,samp){font-family:SFMono-Regular,Menlo,Monaco,Consolas,monospace;font-size:1em;}a{background-color:transparent;color:inherit;-webkit-text-decoration:inherit;text-decoration:inherit;}abbr[title]{border-bottom:none;-webkit-text-decoration:underline;text-decoration:underline;-webkit-text-decoration:underline dotted;-webkit-text-decoration:underline dotted;text-decoration:underline dotted;}:where(b, strong){font-weight:bold;}small{font-size:80%;}:where(sub,sup){font-size:75%;line-height:0;position:relative;vertical-align:baseline;}sub{bottom:-0.25em;}sup{top:-0.5em;}img{border-style:none;}:where(button, input, optgroup, select, textarea){font-family:inherit;font-size:100%;line-height:1.15;margin:0;}:where(button, input){overflow:visible;}:where(button, select){text-transform:none;}:where(
          button::-moz-focus-inner,
          [type="button"]::-moz-focus-inner,
          [type="reset"]::-moz-focus-inner,
          [type="submit"]::-moz-focus-inner
        ){border-style:none;padding:0;}fieldset{padding:0.35em 0.75em 0.625em;}legend{box-sizing:border-box;color:inherit;display:table;max-width:100%;padding:0;white-space:normal;}progress{vertical-align:baseline;}textarea{overflow:auto;}:where([type="checkbox"], [type="radio"]){box-sizing:border-box;padding:0;}input[type="number"]::-webkit-inner-spin-button,input[type="number"]::-webkit-outer-spin-button{-webkit-appearance:none!important;}input[type="number"]{-moz-appearance:textfield;}input[type="search"]{-webkit-appearance:textfield;outline-offset:-2px;}input[type="search"]::-webkit-search-decoration{-webkit-appearance:none!important;}::-webkit-file-upload-button{-webkit-appearance:button;font:inherit;}details{display:block;}summary{display:-webkit-box;display:-webkit-list-item;display:-ms-list-itembox;display:list-item;}template{display:none;}[hidden]{display:none!important;}:where(
          blockquote,
          dl,
          dd,
          h1,
          h2,
          h3,
          h4,
          h5,
          h6,
          hr,
          figure,
          p,
          pre
        ){margin:0;}button{background:transparent;padding:0;}fieldset{margin:0;padding:0;}:where(ol, ul){margin:0;padding:0;}textarea{resize:vertical;}:where(button, [role="button"]){cursor:pointer;}button::-moz-focus-inner{border:0!important;}table{border-collapse:collapse;}:where(h1, h2, h3, h4, h5, h6){font-size:inherit;font-weight:inherit;}:where(button, input, optgroup, select, textarea){padding:0;line-height:inherit;color:inherit;}:where(img, svg, video, canvas, audio, iframe, embed, object){display:block;}:where(img, video){max-width:100%;height:auto;}[data-js-focus-visible] :focus:not([data-focus-visible-added]):not(
          [data-focus-visible-disabled]
        ){outline:none;box-shadow:none;}select::-ms-expand{display:none;}:root,:host{--chakra-vh:100vh;}@supports (height: -webkit-fill-available){:root,:host{--chakra-vh:-webkit-fill-available;}}@supports (height: -moz-fill-available){:root,:host{--chakra-vh:-moz-fill-available;}}@supports (height: 100dvh){:root,:host{--chakra-vh:100dvh;}}</style><style data-emotion="css-global 1vbotda">body{font-family:var(--chakra-fonts-body);color:var(--chakra-colors-black);background:var(--chakra-colors-white);transition-property:background-color;transition-duration:var(--chakra-transition-duration-normal);line-height:var(--chakra-lineHeights-base);}*::-webkit-input-placeholder{color:var(--chakra-colors-chakra-placeholder-color);}*::-moz-placeholder{color:var(--chakra-colors-chakra-placeholder-color);}*:-ms-input-placeholder{color:var(--chakra-colors-chakra-placeholder-color);}*::placeholder{color:var(--chakra-colors-chakra-placeholder-color);}*,*::before,::after{border-color:var(--chakra-colors-chakra-border-color);}</style><style data-emotion="css 1pxo4xc">.css-1pxo4xc{display:block;position:fixed;left:0px;width:100vw;height:100vh;background:rgba(0,0,0,0.5);z-index:10;opacity:0;-webkit-transition:opacity 0.3s ease;transition:opacity 0.3s ease;pointer-events:none;}@media screen and (min-width: 62.25em){.css-1pxo4xc{display:none;}}</style><div class="css-1pxo4xc"></div><style data-emotion="css jqtfa0">.css-jqtfa0{position:relative;z-index:100;}</style><div class="css-jqtfa0"><style data-emotion="css bemzsc">.css-bemzsc{display:-webkit-box;display:-webkit-flex;display:-ms-flexbox;display:flex;-webkit-align-items:center;-webkit-box-align:center;-ms-flex-align:center;align-items:center;-webkit-transition:all .2s ease;transition:all .2s ease;background:var(--chakra-colors-white);color:var(--chakra-colors-gray-600);height:7vh;padding-top:8px;padding-bottom:8px;-webkit-padding-start:var(--chakra-space-4);padding-inline-start:var(--chakra-space-4);-webkit-padding-end:var(--chakra-space-4);padding-inline-end:var(--chakra-space-4);border-bottom:1px;border-style:solid;border-color:var(--chakra-colors-gray-200);-webkit-box-pack:justify;-webkit-justify-content:space-between;justify-content:space-between;grid-gap:10px;}@media screen and (min-width: 48em){.css-bemzsc{grid-gap:2rem;}}</style><div class="css-bemzsc"><style data-emotion="css 1ue1i6v">.css-1ue1i6v{margin-left:calc(var(--chakra-space-2) * -1);display:-webkit-box;display:-webkit-flex;display:-ms-flexbox;display:flex;grid-gap:12px;}@media screen and (min-width: 62.25em){.css-1ue1i6v{display:none;}}</style><div class="here-2 css-1ue1i6v"><style data-emotion="css 1dp269r">.css-1dp269r{display:-webkit-inline-box;display:-webkit-inline-flex;display:-ms-inline-flexbox;display:inline-flex;-webkit-appearance:none;-moz-appearance:none;-ms-appearance:none;appearance:none;-webkit-align-items:center;-webkit-box-align:center;-ms-flex-align:center;align-items:center;-webkit-box-pack:center;-ms-flex-pack:center;-webkit-justify-content:center;justify-content:center;-webkit-user-select:none;-moz-user-select:none;-ms-user-select:none;user-select:none;position:relative;white-space:nowrap;vertical-align:middle;outline:2px solid transparent;outline-offset:2px;line-height:1.2;border-radius:4px;font-weight:var(--chakra-fontWeights-semibold);transition-property:var(--chakra-transition-property-common);transition-duration:var(--chakra-transition-duration-normal);height:auto;min-width:var(--chakra-sizes-10);font-size:13px;-webkit-padding-start:var(--chakra-space-4);padding-inline-start:var(--chakra-space-4);-webkit-padding-end:var(--chakra-space-4);padding-inline-end:var(--chakra-space-4);background:var(--chakra-colors-white);border:0;letter-spacing:0.05em;opacity:1;padding:0px;color:var(--chakra-colors-black);}.css-1dp269r:focus-visible,.css-1dp269r[data-focus-visible]{box-shadow:var(--chakra-shadows-outline);}.css-1dp269r:disabled,.css-1dp269r[disabled],.css-1dp269r[aria-disabled=true],.css-1dp269r[data-disabled]{opacity:1;cursor:not-allowed;box-shadow:var(--chakra-shadows-none);background:#EBEBEB;color:var(--chakra-colors-gray-dark);}.css-1dp269r:disabled:hover,.css-1dp269r[disabled]:hover,.css-1dp269r[aria-disabled=true]:hover,.css-1dp269r[data-disabled]:hover,.css-1dp269r:disabled[data-hover],.css-1dp269r[disabled][data-hover],.css-1dp269r[aria-disabled=true][data-hover],.css-1dp269r[data-disabled][data-hover]{opacity:0.7;}.css-1dp269r:hover,.css-1dp269r[data-hover]{background:var(--chakra-colors-white);}.css-1dp269r:active,.css-1dp269r[data-active]{background:var(--chakra-colors-white);}</style><button type="button" class="chakra-button css-1dp269r" aria-label="Toggle Navigation"></button><a style="min-width:105px;align-self:center;display:flex" href="/"></a></div><style data-emotion="css 1424fzh">.css-1424fzh{-webkit-box-pack:center;-ms-flex-pack:center;-webkit-justify-content:center;justify-content:center;display:none;}@media screen and (min-width: 62.25em){.css-1424fzh{display:-webkit-box;display:-webkit-flex;display:-ms-flexbox;display:flex;}}@media screen and (min-width: 80em){.css-1424fzh{-webkit-box-pack:start;-ms-flex-pack:start;-webkit-justify-content:start;justify-content:start;}}</style><div class="css-1424fzh"><a style="align-self:center;display:flex" href="/"></a><style data-emotion="css 1cxfeem">.css-1cxfeem{display:-webkit-box;display:-webkit-flex;display:-ms-flexbox;display:flex;margin-left:var(--chakra-space-10);}</style><div class="css-1cxfeem"><style data-emotion="css 1se64yr">.css-1se64yr{display:-webkit-box;display:-webkit-flex;display:-ms-flexbox;display:flex;-webkit-align-items:center;-webkit-box-align:center;-ms-flex-align:center;align-items:center;-webkit-flex-direction:row;-ms-flex-direction:row;flex-direction:row;width:auto;}.css-1se64yr>*:not(style)~*:not(style){margin-top:0px;-webkit-margin-end:0px;margin-inline-end:0px;margin-bottom:0px;-webkit-margin-start:var(--chakra-space-4);margin-inline-start:var(--chakra-space-4);}</style><div class="chakra-stack hideOverflowX__ css-1se64yr"></div></div></div><style data-emotion="css 2okldl">.css-2okldl{display:-webkit-box;display:-webkit-flex;display:-ms-flexbox;display:flex;-webkit-align-items:center;-webkit-box-align:center;-ms-flex-align:center;align-items:center;-webkit-box-pack:end;-ms-flex-pack:end;-webkit-justify-content:flex-end;justify-content:flex-end;-webkit-flex-direction:row;-ms-flex-direction:row;flex-direction:row;grid-gap:20px;}.css-2okldl>*:not(style)~*:not(style){margin-top:0px;-webkit-margin-end:0px;margin-inline-end:0px;margin-bottom:0px;-webkit-margin-start:0.5rem;margin-inline-start:0.5rem;}</style><div class="chakra-stack css-2okldl"><style data-emotion="css akx46x">.css-akx46x{display:none;grid-gap:18px;}@media screen and (min-width: 48em){.css-akx46x{display:-webkit-box;display:-webkit-flex;display:-ms-flexbox;display:flex;}}</style><div class="css-akx46x"><style data-emotion="css pbtq6o">.css-pbtq6o{-webkit-appearance:none;-moz-appearance:none;-ms-appearance:none;appearance:none;-webkit-align-items:center;-webkit-box-align:center;-ms-flex-align:center;align-items:center;-webkit-box-pack:center;-ms-flex-pack:center;-webkit-justify-content:center;justify-content:center;-webkit-user-select:none;-moz-user-select:none;-ms-user-select:none;user-select:none;position:relative;white-space:nowrap;vertical-align:middle;outline:2px solid transparent;outline-offset:2px;line-height:1.2;border-radius:var(--chakra-radii-md);font-weight:var(--chakra-fontWeights-semibold);transition-property:var(--chakra-transition-property-common);transition-duration:var(--chakra-transition-duration-normal);height:auto;min-width:unset;font-size:var(--chakra-fontSizes-md);-webkit-padding-start:var(--chakra-space-4);padding-inline-start:var(--chakra-space-4);-webkit-padding-end:var(--chakra-space-4);padding-inline-end:var(--chakra-space-4);background:var(--chakra-colors-gray-100);padding:0px;display:none;text-align:-webkit-center;background-color:var(--chakra-colors-transparent);width:auto;-webkit-align-self:center;-ms-flex-item-align:center;align-self:center;}.css-pbtq6o:focus-visible,.css-pbtq6o[data-focus-visible]{box-shadow:var(--chakra-shadows-outline);}.css-pbtq6o:disabled,.css-pbtq6o[disabled],.css-pbtq6o[aria-disabled=true],.css-pbtq6o[data-disabled]{opacity:0.4;cursor:not-allowed;box-shadow:var(--chakra-shadows-none);}@media screen and (min-width: 62.25em){.css-pbtq6o{display:block;}}.css-pbtq6o:hover,.css-pbtq6o[data-hover]{background:var(--chakra-colors-transparent);}.css-pbtq6o:active,.css-pbtq6o[data-active]{background:var(--chakra-colors-transparent);}</style><button type="button" class="chakra-button css-pbtq6o" aria-label="Language Selector" title="" id="popover-trigger-Language-Hover" aria-haspopup="dialog" aria-expanded="false" aria-controls="popover-content-Language-Hover"><style data-emotion="css 11elljy">.css-11elljy{width:25px;height:25px;}</style><div class="flags_flag__6_AvJ flags_en__gyfOk css-11elljy"></div></button><style data-emotion="css 1qq679y">.css-1qq679y{z-index:10;}</style><div style="visibility:hidden;position:absolute;min-width:max-content;inset:0 auto auto 0" class="chakra-popover__popper css-1qq679y"><style data-emotion="css 1sczoy4">.css-1sczoy4{position:relative;display:-webkit-box;display:-webkit-flex;display:-ms-flexbox;display:flex;-webkit-flex-direction:column;-ms-flex-direction:column;flex-direction:column;--popper-bg:var(--chakra-colors-white);--popper-arrow-bg:var(--popper-bg);--popper-arrow-shadow-color:var(--chakra-colors-gray-200);border:1px solid;border-color:inherit;border-radius:var(--chakra-radii-md);box-shadow:var(--chakra-shadows-sm);z-index:inherit;background:var(--chakra-colors-white);width:100%;min-width:210px;}.chakra-ui-dark .css-1sczoy4:not([data-theme]),[data-theme=dark] .css-1sczoy4:not([data-theme]),.css-1sczoy4[data-theme=dark]{--popper-bg:var(--chakra-colors-gray-700);--popper-arrow-shadow-color:var(--chakra-colors-whiteAlpha-300);}.css-1sczoy4:focus-visible,.css-1sczoy4[data-focus-visible]{outline:2px solid transparent;outline-offset:2px;box-shadow:var(--chakra-shadows-outline);}@media screen and (min-width: 48em){.css-1sczoy4{width:auto;}}</style><section id="popover-content-Language-Hover" tabindex="-1" role="dialog" class="chakra-popover__content css-1sczoy4" style="transform-origin:var(--popper-transform-origin);opacity:0;visibility:hidden;transform:scale(0.95) translateZ(0)"><div data-popper-arrow="" style="position:absolute" class="chakra-popover__arrow-positioner css-0"><div class="chakra-popover__arrow css-0" data-popper-arrow-inner=""></div></div><style data-emotion="css t2g5yq">.css-t2g5yq{width:100%;display:-webkit-box;display:-webkit-flex;display:-ms-flexbox;display:flex;box-shadow:var(--chakra-shadows-2xl);-webkit-flex-direction:column;-ms-flex-direction:column;flex-direction:column;grid-gap:10px;padding:12px;}</style><div class="css-t2g5yq"><style data-emotion="css 273ppw">.css-273ppw{transition-property:var(--chakra-transition-property-common);transition-duration:var(--chakra-transition-duration-fast);transition-timing-function:var(--chakra-transition-easing-ease-out);cursor:pointer;outline:2px solid transparent;outline-offset:2px;color:inherit;width:100%;-webkit-align-self:center;-ms-flex-item-align:center;align-self:center;display:-webkit-box;display:-webkit-flex;display:-ms-flexbox;display:flex;grid-gap:var(--chakra-space-5);font-weight:var(--chakra-fontWeights-bold);-webkit-text-decoration:none;text-decoration:none;opacity:1;}.css-273ppw:focus-visible,.css-273ppw[data-focus-visible]{box-shadow:var(--chakra-shadows-outline);}.css-273ppw:hover,.css-273ppw[data-hover]{opacity:1;}</style><a class="chakra-link css-273ppw" href="/cohort/latam-pt-ds-9/machine-learning-pt-16w/v4"><div class="flags_flag__6_AvJ flags_en__gyfOk css-11elljy"></div>English</a><style data-emotion="css 1oleiny">.css-1oleiny{transition-property:var(--chakra-transition-property-common);transition-duration:var(--chakra-transition-duration-fast);transition-timing-function:var(--chakra-transition-easing-ease-out);cursor:pointer;outline:2px solid transparent;outline-offset:2px;color:inherit;width:100%;-webkit-align-self:center;-ms-flex-item-align:center;align-self:center;display:-webkit-box;display:-webkit-flex;display:-ms-flexbox;display:flex;grid-gap:var(--chakra-space-5);font-weight:var(--chakra-fontWeights-bold);-webkit-text-decoration:none;text-decoration:none;opacity:0.75;}.css-1oleiny:focus-visible,.css-1oleiny[data-focus-visible]{box-shadow:var(--chakra-shadows-outline);}.css-1oleiny:hover,.css-1oleiny[data-hover]{opacity:1;}</style><a class="chakra-link css-1oleiny" href="/cohort/latam-pt-ds-9/machine-learning-pt-16w/v4"><div class="flags_flag__6_AvJ flags_es__AtJdb css-11elljy"></div>Spanish</a></div></section></div><style data-emotion="css y4nkb6">.css-y4nkb6{-webkit-appearance:none;-moz-appearance:none;-ms-appearance:none;appearance:none;-webkit-align-items:center;-webkit-box-align:center;-ms-flex-align:center;align-items:center;-webkit-box-pack:center;-ms-flex-pack:center;-webkit-justify-content:center;justify-content:center;-webkit-user-select:none;-moz-user-select:none;-ms-user-select:none;user-select:none;position:relative;white-space:nowrap;vertical-align:middle;outline:2px solid transparent;outline-offset:2px;line-height:1.2;border-radius:var(--chakra-radii-md);font-weight:var(--chakra-fontWeights-semibold);transition-property:var(--chakra-transition-property-common);transition-duration:var(--chakra-transition-duration-normal);height:auto;min-width:var(--chakra-sizes-10);font-size:var(--chakra-fontSizes-md);-webkit-padding-start:var(--chakra-space-4);padding-inline-start:var(--chakra-space-4);-webkit-padding-end:var(--chakra-space-4);padding-inline-end:var(--chakra-space-4);background:var(--chakra-colors-white);padding:0px;display:none;}.css-y4nkb6:focus-visible,.css-y4nkb6[data-focus-visible]{box-shadow:var(--chakra-shadows-outline);}.css-y4nkb6:disabled,.css-y4nkb6[disabled],.css-y4nkb6[aria-disabled=true],.css-y4nkb6[data-disabled]{opacity:0.4;cursor:not-allowed;box-shadow:var(--chakra-shadows-none);}@media screen and (min-width: 62.25em){.css-y4nkb6{display:-webkit-box;display:-webkit-flex;display:-ms-flexbox;display:flex;}}.css-y4nkb6:hover,.css-y4nkb6[data-hover]{background:var(--chakra-colors-white);}.css-y4nkb6:active,.css-y4nkb6[data-active]{background:var(--chakra-colors-white);}</style><button type="button" class="chakra-button css-y4nkb6" aria-label="Toggle dark mode" style="margin:0;min-width:unset"></button></div><style data-emotion="css 3im0e4">.css-3im0e4{display:none;height:35px;}@media screen and (min-width: 62.25em){.css-3im0e4{display:inherit;}}</style><div style="margin:0" class="css-3im0e4"><style data-emotion="css zzxk54">.css-zzxk54{border:0;border-style:solid;border-left-width:1px;height:100%;border-color:#606060;opacity:0.5;}</style><hr aria-orientation="vertical" class="chakra-divider css-zzxk54"/></div><style data-emotion="css 5f1q4o">.css-5f1q4o{display:-webkit-inline-box;display:-webkit-inline-flex;display:-ms-inline-flexbox;display:inline-flex;-webkit-appearance:none;-moz-appearance:none;-ms-appearance:none;appearance:none;-webkit-align-items:center;-webkit-box-align:center;-ms-flex-align:center;align-items:center;-webkit-box-pack:center;-ms-flex-pack:center;-webkit-justify-content:center;justify-content:center;-webkit-user-select:none;-moz-user-select:none;-ms-user-select:none;user-select:none;white-space:nowrap;vertical-align:middle;outline:2px solid transparent;outline-offset:2px;line-height:1.2;font-weight:var(--chakra-fontWeights-semibold);transition-property:var(--chakra-transition-property-common);transition-duration:var(--chakra-transition-duration-normal);height:30px;min-width:20px;font-size:var(--chakra-fontSizes-md);-webkit-padding-start:var(--chakra-space-4);padding-inline-start:var(--chakra-space-4);-webkit-padding-end:var(--chakra-space-4);padding-inline-end:var(--chakra-space-4);background:rgba(0,0,0,0);-webkit-align-self:center;-ms-flex-item-align:center;align-self:center;width:20px;max-width:20px;border-radius:30px;position:relative;}.css-5f1q4o:focus-visible,.css-5f1q4o[data-focus-visible]{box-shadow:var(--chakra-shadows-outline);}.css-5f1q4o:disabled,.css-5f1q4o[disabled],.css-5f1q4o[aria-disabled=true],.css-5f1q4o[data-disabled]{opacity:0.4;cursor:not-allowed;box-shadow:var(--chakra-shadows-none);}.css-5f1q4o:hover,.css-5f1q4o[data-hover]{background:var(--chakra-colors-gray-200);}.css-5f1q4o:hover:disabled,.css-5f1q4o[data-hover]:disabled,.css-5f1q4o:hover[disabled],.css-5f1q4o[data-hover][disabled],.css-5f1q4o:hover[aria-disabled=true],.css-5f1q4o[data-hover][aria-disabled=true],.css-5f1q4o:hover[data-disabled],.css-5f1q4o[data-hover][data-disabled]{background:var(--chakra-colors-gray-100);}.css-5f1q4o:active,.css-5f1q4o[data-active]{background:var(--chakra-colors-gray-300);}</style><button type="button" class="chakra-button css-5f1q4o" aria-label="User Profile" title="Profile" style="margin:0" id="popover-trigger-Avatar-Hover" aria-haspopup="dialog" aria-expanded="false" aria-controls="popover-content-Avatar-Hover"><style data-emotion="css nmpe9e">.css-nmpe9e{border-radius:var(--chakra-radii-full);display:-webkit-inline-box;display:-webkit-inline-flex;display:-ms-inline-flexbox;display:inline-flex;-webkit-align-items:center;-webkit-box-align:center;-ms-flex-align:center;align-items:center;-webkit-box-pack:center;-ms-flex-pack:center;-webkit-justify-content:center;justify-content:center;text-align:center;text-transform:uppercase;font-weight:var(--chakra-fontWeights-medium);position:relative;-webkit-flex-shrink:0;-ms-flex-negative:0;flex-shrink:0;background:var(--avatar-background);color:var(--chakra-colors-white);--avatar-border-color:var(--chakra-colors-white);border-color:var(--avatar-border-color);vertical-align:top;font-size:calc(3rem / 2.5);width:30px;margin-top:auto;margin-bottom:auto;height:30px;}.css-nmpe9e:not([data-loaded]){--avatar-background:var(--chakra-colors-gray-400);}.chakra-ui-dark .css-nmpe9e:not([data-theme]),[data-theme=dark] .css-nmpe9e:not([data-theme]),.css-nmpe9e[data-theme=dark]{--avatar-border-color:var(--chakra-colors-gray-800);}</style><span class="chakra-avatar css-nmpe9e"><style data-emotion="css 16ite8i">.css-16ite8i{color:#fff;width:100%;height:100%;}</style><svg viewBox="0 0 128 128" class="chakra-avatar__svg css-16ite8i" role="img" aria-label=" avatar"><path fill="currentColor" d="M103,102.1388 C93.094,111.92 79.3504,118 64.1638,118 C48.8056,118 34.9294,111.768 25,101.7892 L25,95.2 C25,86.8096 31.981,80 40.6,80 L87.4,80 C96.019,80 103,86.8096 103,95.2 L103,102.1388 Z"></path><path fill="currentColor" d="M63.9961647,24 C51.2938136,24 41,34.2938136 41,46.9961647 C41,59.7061864 51.2938136,70 63.9961647,70 C76.6985159,70 87,59.7061864 87,46.9961647 C87,34.2938136 76.6985159,24 63.9961647,24"></path></svg></span></button><div style="visibility:hidden;position:absolute;min-width:max-content;inset:0 auto auto 0" class="chakra-popover__popper css-1qq679y"><style data-emotion="css 15uyv9a">.css-15uyv9a{position:relative;display:-webkit-box;display:-webkit-flex;display:-ms-flexbox;display:flex;-webkit-flex-direction:column;-ms-flex-direction:column;flex-direction:column;--popper-bg:var(--chakra-colors-white);background:var(--popper-bg);--popper-arrow-bg:var(--popper-bg);--popper-arrow-shadow-color:var(--chakra-colors-gray-200);border-color:inherit;border-radius:var(--chakra-radii-md);z-index:inherit;border:0;box-shadow:var(--chakra-shadows-2xl);width:100%;min-width:auto;}.chakra-ui-dark .css-15uyv9a:not([data-theme]),[data-theme=dark] .css-15uyv9a:not([data-theme]),.css-15uyv9a[data-theme=dark]{--popper-bg:var(--chakra-colors-gray-700);--popper-arrow-shadow-color:var(--chakra-colors-whiteAlpha-300);}.css-15uyv9a:focus-visible,.css-15uyv9a[data-focus-visible]{outline:2px solid transparent;outline-offset:2px;box-shadow:var(--chakra-shadows-outline);}@media screen and (min-width: 48em){.css-15uyv9a{width:auto;min-width:var(--chakra-sizes-md);}}</style><section id="popover-content-Avatar-Hover" tabindex="-1" role="dialog" class="chakra-popover__content css-15uyv9a" style="transform-origin:var(--popper-transform-origin);opacity:0;visibility:hidden;transform:scale(0.95) translateZ(0)"><div data-popper-arrow="" style="position:absolute" class="chakra-popover__arrow-positioner css-0"><div class="chakra-popover__arrow css-0" data-popper-arrow-inner=""></div></div><style data-emotion="css xyvciq">.css-xyvciq{padding:1rem 1.5rem 0 1.5rem;}</style><div class="css-xyvciq"><style data-emotion="css 1ih2r2d">.css-1ih2r2d{display:-webkit-box;display:-webkit-flex;display:-ms-flexbox;display:flex;-webkit-flex-direction:row;-ms-flex-direction:row;flex-direction:row;grid-gap:10px;padding-bottom:15px;}.css-1ih2r2d>*:not(style)~*:not(style){margin-top:0.5rem;-webkit-margin-end:0px;margin-inline-end:0px;margin-bottom:0px;-webkit-margin-start:0px;margin-inline-start:0px;}</style><div class="chakra-stack css-1ih2r2d"><style data-emotion="css b761id">.css-b761id{border-radius:var(--chakra-radii-full);display:-webkit-inline-box;display:-webkit-inline-flex;display:-ms-inline-flexbox;display:inline-flex;-webkit-align-items:center;-webkit-box-align:center;-ms-flex-align:center;align-items:center;-webkit-box-pack:center;-ms-flex-pack:center;-webkit-justify-content:center;justify-content:center;text-align:center;text-transform:uppercase;font-weight:var(--chakra-fontWeights-medium);position:relative;-webkit-flex-shrink:0;-ms-flex-negative:0;flex-shrink:0;background:var(--avatar-background);color:var(--chakra-colors-white);--avatar-border-color:var(--chakra-colors-white);border-color:var(--avatar-border-color);vertical-align:top;font-size:calc(3rem / 2.5);width:62px;margin-top:auto;margin-bottom:auto;height:62px;}.css-b761id:not([data-loaded]){--avatar-background:var(--chakra-colors-gray-400);}.chakra-ui-dark .css-b761id:not([data-theme]),[data-theme=dark] .css-b761id:not([data-theme]),.css-b761id[data-theme=dark]{--avatar-border-color:var(--chakra-colors-gray-800);}</style><span class="chakra-avatar css-b761id"><svg viewBox="0 0 128 128" class="chakra-avatar__svg css-16ite8i" role="img" aria-label=" avatar"><path fill="currentColor" d="M103,102.1388 C93.094,111.92 79.3504,118 64.1638,118 C48.8056,118 34.9294,111.768 25,101.7892 L25,95.2 C25,86.8096 31.981,80 40.6,80 L87.4,80 C96.019,80 103,86.8096 103,95.2 L103,102.1388 Z"></path><path fill="currentColor" d="M63.9961647,24 C51.2938136,24 41,34.2938136 41,46.9961647 C41,59.7061864 51.2938136,70 63.9961647,70 C76.6985159,70 87,59.7061864 87,46.9961647 C87,34.2938136 76.6985159,24 63.9961647,24"></path></svg></span><style data-emotion="css uftcqy">.css-uftcqy{display:-webkit-box;display:-webkit-flex;display:-ms-flexbox;display:flex;-webkit-flex-direction:column;-ms-flex-direction:column;flex-direction:column;-webkit-align-items:flex-start;-webkit-box-align:flex-start;-ms-flex-align:flex-start;align-items:flex-start;grid-gap:6px;}</style><div class="css-uftcqy"><style data-emotion="css 1wah7xa">.css-1wah7xa{font-family:var(--chakra-fonts-heading);line-height:1.33;font-size:20px;font-weight:700;}@media screen and (min-width: 48em){.css-1wah7xa{line-height:1.2;}}</style><p class="chakra-heading css-1wah7xa"></p></div></div><style data-emotion="css 18i0g3n">.css-18i0g3n{display:-webkit-box;display:-webkit-flex;display:-ms-flexbox;display:flex;border-top:2px;border-style:solid;border-color:var(--chakra-colors-gray-200);-webkit-align-items:center;-webkit-box-align:center;-ms-flex-align:center;align-items:center;padding:1rem 0rem;}</style><div class="css-18i0g3n"><style data-emotion="css 9yxibk">.css-9yxibk{transition-property:var(--chakra-transition-property-common);transition-duration:var(--chakra-transition-duration-fast);transition-timing-function:var(--chakra-transition-easing-ease-out);cursor:pointer;outline:2px solid transparent;outline-offset:2px;font-weight:400;color:var(--chakra-colors-black);font-size:14px;-webkit-text-decoration:none;text-decoration:none;letter-spacing:0.05em;}.css-9yxibk:focus-visible,.css-9yxibk[data-focus-visible]{box-shadow:var(--chakra-shadows-outline);}.css-9yxibk:hover,.css-9yxibk[data-hover]{-webkit-text-decoration:none;text-decoration:none;}</style><a class="chakra-link css-9yxibk" href="/profile/info">My Profile</a></div><div class="css-18i0g3n"><style data-emotion="css 1vxbau8">.css-1vxbau8{cursor:pointer;width:auto;display:-webkit-box;display:-webkit-flex;display:-ms-flexbox;display:flex;grid-gap:10px;}</style><button title="Logout" class="css-1vxbau8"><style data-emotion="css 18x8my6">.css-18x8my6{font-weight:700;color:var(--chakra-colors-blue-400);font-size:14px;}</style><span class="css-18x8my6">Logout</span></button></div></div></section></div></div></div><div display="[object Object]" class="chakra-collapse" style="overflow:hidden;display:none;opacity:0;height:0px"><style data-emotion="css 1gl6mf4">.css-1gl6mf4{display:-webkit-box;display:-webkit-flex;display:-ms-flexbox;display:flex;-webkit-flex-direction:column;-ms-flex-direction:column;flex-direction:column;position:absolute;width:100%;z-index:100;grid-gap:8px;background:var(--chakra-colors-white);padding:var(--chakra-space-4);border-bottom:1px;border-style:solid;border-color:var(--chakra-colors-gray-200);}</style><div class="css-1gl6mf4"><style data-emotion="css egoftb">.css-egoftb{display:-webkit-box;display:-webkit-flex;display:-ms-flexbox;display:flex;-webkit-flex-direction:column;-ms-flex-direction:column;flex-direction:column;}.css-egoftb>*:not(style)~*:not(style){margin-top:var(--chakra-space-4);-webkit-margin-end:0px;margin-inline-end:0px;margin-bottom:0px;-webkit-margin-start:0px;margin-inline-start:0px;}</style><div class="chakra-stack css-egoftb"><style data-emotion="css 28d8xz">.css-28d8xz{display:-webkit-box;display:-webkit-flex;display:-ms-flexbox;display:flex;-webkit-align-items:center;-webkit-box-align:center;-ms-flex-align:center;align-items:center;padding-top:var(--chakra-space-2);padding-bottom:var(--chakra-space-2);-webkit-box-pack:left;-ms-flex-pack:left;-webkit-justify-content:left;justify-content:left;grid-gap:10px;cursor:pointer;}.css-28d8xz:hover,.css-28d8xz[data-hover]{-webkit-text-decoration:none;text-decoration:none;}</style><div class="css-28d8xz"><style data-emotion="css pelz90">.css-pelz90{font-weight:400;}</style><p class="chakra-text css-pelz90">Learn</p><style data-emotion="css wgov7v">.css-wgov7v{display:-webkit-box;display:-webkit-flex;display:-ms-flexbox;display:flex;-webkit-transition:all .25s ease-in-out;transition:all .25s ease-in-out;-webkit-transform:rotate(0deg);-moz-transform:rotate(0deg);-ms-transform:rotate(0deg);transform:rotate(0deg);}</style><div class="css-wgov7v"></div></div><div class="chakra-collapse" style="overflow:hidden;display:none;margin-top:0!important;opacity:0;height:0px"><style data-emotion="css zz8ko9">.css-zz8ko9{display:-webkit-box;display:-webkit-flex;display:-ms-flexbox;display:flex;-webkit-align-items:start;-webkit-box-align:start;-ms-flex-align:start;align-items:start;-webkit-flex-direction:column;-ms-flex-direction:column;flex-direction:column;padding-left:var(--chakra-space-4);border-left:2px solid;border-color:var(--chakra-colors-gray-200);}.css-zz8ko9>*:not(style)~*:not(style){margin-top:0.5rem;-webkit-margin-end:0px;margin-inline-end:0px;margin-bottom:0px;-webkit-margin-start:0px;margin-inline-start:0px;}</style><div class="chakra-stack css-zz8ko9"><style data-emotion="css j73jq">.css-j73jq{display:-webkit-box;display:-webkit-flex;display:-ms-flexbox;display:flex;-webkit-flex-direction:column;-ms-flex-direction:column;flex-direction:column;padding:0 0 20px 0;grid-gap:15px;border-bottom:1px;border-style:solid;border-color:var(--chakra-colors-gray-200);-webkit-align-items:start;-webkit-box-align:start;-ms-flex-align:start;align-items:start;color:var(--chakra-colors-gray-600);}</style><div class="css-j73jq"><style data-emotion="css 68zbsl">.css-68zbsl{width:auto;}</style><div class="css-68zbsl"></div><style data-emotion="css j7qwjs">.css-j7qwjs{display:-webkit-box;display:-webkit-flex;display:-ms-flexbox;display:flex;-webkit-flex-direction:column;-ms-flex-direction:column;flex-direction:column;}</style><div class="css-j7qwjs"><style data-emotion="css fdajvm">.css-fdajvm{font-weight:900;}</style><p class="chakra-text css-fdajvm">Learn</p><style data-emotion="css v12h3e">.css-v12h3e{color:var(--chakra-colors-gray-600);font-weight:500;}</style><p class="chakra-text css-v12h3e">Change your life/career, get into tech and be free.</p></div></div><style data-emotion="css qljg0b">.css-qljg0b{font-weight:var(--chakra-fontWeights-bold);padding-top:var(--chakra-space-4);padding-bottom:var(--chakra-space-2);color:var(--chakra-colors-gray-600);}</style><p class="chakra-text css-qljg0b">Change your life with a bootcamp</p><style data-emotion="css 1t5030l">.css-1t5030l{font-size:var(--chakra-fontSizes-sm);padding-bottom:var(--chakra-space-2);color:var(--chakra-colors-gray-600);}</style><p class="chakra-text css-1t5030l">Transition into a tech careers, with unlimited mentorship and support for life. It equips you with the skills needed to tackle real-world challenges and connects you with industry opportunities.</p><style data-emotion="css 9szmh4">.css-9szmh4{transition-property:var(--chakra-transition-property-common);transition-duration:var(--chakra-transition-duration-fast);transition-timing-function:var(--chakra-transition-easing-ease-out);cursor:pointer;-webkit-text-decoration:none;text-decoration:none;outline:2px solid transparent;outline-offset:2px;color:var(--chakra-colors-blue-default);padding-top:var(--chakra-space-2);padding-bottom:var(--chakra-space-2);}.css-9szmh4:hover,.css-9szmh4[data-hover]{-webkit-text-decoration:underline;text-decoration:underline;}.css-9szmh4:focus-visible,.css-9szmh4[data-focus-visible]{box-shadow:var(--chakra-shadows-outline);}</style><a style="text-decoration:none" class="chakra-link css-9szmh4" href="https://4geeksacademy.com/us/coding-bootcamps/part-time-full-stack-developer">Full stack development</a><a style="text-decoration:none" class="chakra-link css-9szmh4" href="https://4geeksacademy.com/us/coding-bootcamps/datascience-machine-learning">Data science &amp; machine learning</a><a style="text-decoration:none" class="chakra-link css-9szmh4" href="https://4geeksacademy.com/us/coding-bootcamps/cybersecurity">Cybersecurity</a><p class="chakra-text css-qljg0b">Gain new skills at your own pace</p><p class="chakra-text css-1t5030l">Access hundreds of exercises, projects to develop and courses in the most wanted technologies</p><p class="chakra-text css-qljg0b">Free Resources</p><a style="text-decoration:none" class="chakra-link css-9szmh4" href="/interactive-exercises">Start Practicing with challenges</a><a style="text-decoration:none" class="chakra-link css-9szmh4" href="/interactive-coding-tutorials">Build Projects on any technology</a><a style="text-decoration:none" class="chakra-link css-9szmh4" href="/how-to">How to&#x27;s?</a><a style="text-decoration:none" class="chakra-link css-9szmh4" href="/lessons">Read &amp; watch</a></div></div></div><div class="chakra-stack css-egoftb"><div class="css-28d8xz"><p class="chakra-text css-pelz90">Career Booster</p><div class="css-wgov7v"></div></div><div class="chakra-collapse" style="overflow:hidden;display:none;margin-top:0!important;opacity:0;height:0px"><div class="chakra-stack css-zz8ko9"><div class="css-j73jq"><div class="css-68zbsl"></div><div class="css-j7qwjs"><p class="chakra-text css-fdajvm">Career Booster</p><p class="chakra-text css-v12h3e">Stop sending resumes that don&#x27;t take you anywhere. In Beyond The Resume, we take you to the next level with personalized services and experts for your CV, LinkedIn profile, and interviews. More than a resume, your passport to professional success.</p></div></div><a style="text-decoration:none" class="chakra-link css-9szmh4" href="/beyond-the-resume">Beyond the resume</a></div></div></div><div class="chakra-stack css-egoftb"><div class="css-28d8xz"><p class="chakra-text css-pelz90">Build your workforce</p><div class="css-wgov7v"></div></div><div class="chakra-collapse" style="overflow:hidden;display:none;margin-top:0!important;opacity:0;height:0px"><div class="chakra-stack css-zz8ko9"><div class="css-j73jq"><div class="css-68zbsl"></div><div class="css-j7qwjs"><p class="chakra-text css-fdajvm">Build your workforce</p><p class="chakra-text css-v12h3e">Connect people and companies through learning, talent, and training programs tailored to real market needs. Whether you&#x27;re building your team or your future, this is where potential meets opportunity.</p></div></div><a style="text-decoration:none" class="chakra-link css-9szmh4" href="https://www.4geeks.works/apprenticeship-landing">Apprenticeship</a><a style="text-decoration:none" class="chakra-link css-9szmh4" href="https://www.4geeks.works/hire-early-talent">Find and hire talent</a><a style="text-decoration:none" class="chakra-link css-9szmh4" href="https://www.4geeks.works/copia-de-apprenticeship">Upskilling your team</a></div></div></div><div class="chakra-stack css-egoftb"><div class="css-28d8xz"><p class="chakra-text css-pelz90">Live</p><div class="css-wgov7v"></div></div><div class="chakra-collapse" style="overflow:hidden;display:none;margin-top:0!important;opacity:0;height:0px"><div class="chakra-stack css-zz8ko9"><div class="css-j73jq"><div class="css-68zbsl"></div><div class="css-j7qwjs"><p class="chakra-text css-fdajvm">Live</p><p class="chakra-text css-v12h3e">Join us for our free workshops, webinars, and other events to learn more about our programs and get started on your journey to becoming a developer.</p></div></div><a style="text-decoration:none" class="chakra-link css-9szmh4" href="/workshops">Live events</a><a style="text-decoration:none" class="chakra-link css-9szmh4" href="/podcast">Podcasts</a></div></div></div><style data-emotion="css n33m8t">.css-n33m8t{display:-webkit-box;display:-webkit-flex;display:-ms-flexbox;display:flex;padding:0.5rem 0;}@media screen and (min-width: 48em){.css-n33m8t{display:none;}}</style><div class="css-n33m8t"><style data-emotion="css 6joc8f">.css-6joc8f{transition-property:var(--chakra-transition-property-common);transition-duration:var(--chakra-transition-duration-fast);transition-timing-function:var(--chakra-transition-easing-ease-out);cursor:pointer;-webkit-text-decoration:none;text-decoration:none;outline:2px solid transparent;outline-offset:2px;color:inherit;font-size:16px;line-height:22px;margin:0px;letter-spacing:0.05em;}.css-6joc8f:focus-visible,.css-6joc8f[data-focus-visible]{box-shadow:var(--chakra-shadows-outline);}.css-6joc8f:hover,.css-6joc8f[data-hover]{-webkit-text-decoration:none;text-decoration:none;color:var(--chakra-colors-blue-default);}</style><a class="chakra-link css-6joc8f" href="/login">Login</a></div><style data-emotion="css ovqf4y">.css-ovqf4y{border-top:1px;border-style:solid;border-color:var(--chakra-colors-gray-200);display:-webkit-box;display:-webkit-flex;display:-ms-flexbox;display:flex;padding:14px 0 0 0;-webkit-box-pack:center;-ms-flex-pack:center;-webkit-justify-content:center;justify-content:center;grid-gap:20px;}</style><div class="css-ovqf4y"><style data-emotion="css ggo5j5">.css-ggo5j5{-webkit-appearance:none;-moz-appearance:none;-ms-appearance:none;appearance:none;-webkit-align-items:center;-webkit-box-align:center;-ms-flex-align:center;align-items:center;-webkit-box-pack:center;-ms-flex-pack:center;-webkit-justify-content:center;justify-content:center;-webkit-user-select:none;-moz-user-select:none;-ms-user-select:none;user-select:none;position:relative;white-space:nowrap;vertical-align:middle;outline:2px solid transparent;outline-offset:2px;line-height:1.2;border-radius:var(--chakra-radii-md);font-weight:var(--chakra-fontWeights-semibold);transition-property:var(--chakra-transition-property-common);transition-duration:var(--chakra-transition-duration-normal);height:var(--chakra-sizes-10);min-width:var(--chakra-sizes-10);font-size:var(--chakra-fontSizes-md);-webkit-padding-start:var(--chakra-space-4);padding-inline-start:var(--chakra-space-4);-webkit-padding-end:var(--chakra-space-4);padding-inline-end:var(--chakra-space-4);background:var(--chakra-colors-white);padding:0px;display:-webkit-box;display:-webkit-flex;display:-ms-flexbox;display:flex;}.css-ggo5j5:focus-visible,.css-ggo5j5[data-focus-visible]{box-shadow:var(--chakra-shadows-outline);}.css-ggo5j5:disabled,.css-ggo5j5[disabled],.css-ggo5j5[aria-disabled=true],.css-ggo5j5[data-disabled]{opacity:0.4;cursor:not-allowed;box-shadow:var(--chakra-shadows-none);}.css-ggo5j5:hover,.css-ggo5j5[data-hover]{background:var(--chakra-colors-white);}.css-ggo5j5:active,.css-ggo5j5[data-active]{background:var(--chakra-colors-white);}</style><button type="button" class="chakra-button css-ggo5j5" title="Toggle Color Mode"></button><style data-emotion="css jn6nlx">.css-jn6nlx{-webkit-appearance:none;-moz-appearance:none;-ms-appearance:none;appearance:none;-webkit-align-items:center;-webkit-box-align:center;-ms-flex-align:center;align-items:center;-webkit-box-pack:center;-ms-flex-pack:center;-webkit-justify-content:center;justify-content:center;-webkit-user-select:none;-moz-user-select:none;-ms-user-select:none;user-select:none;position:relative;white-space:nowrap;vertical-align:middle;outline:2px solid transparent;outline-offset:2px;line-height:1.2;border-radius:var(--chakra-radii-md);font-weight:var(--chakra-fontWeights-semibold);transition-property:var(--chakra-transition-property-common);transition-duration:var(--chakra-transition-duration-normal);height:auto;min-width:var(--chakra-sizes-10);font-size:var(--chakra-fontSizes-md);-webkit-padding-start:var(--chakra-space-4);padding-inline-start:var(--chakra-space-4);-webkit-padding-end:var(--chakra-space-4);padding-inline-end:var(--chakra-space-4);background:var(--chakra-colors-gray-100);padding:0px;display:block;text-align:-webkit-center;background-color:var(--chakra-colors-transparent);width:auto;-webkit-align-self:center;-ms-flex-item-align:center;align-self:center;}.css-jn6nlx:focus-visible,.css-jn6nlx[data-focus-visible]{box-shadow:var(--chakra-shadows-outline);}.css-jn6nlx:disabled,.css-jn6nlx[disabled],.css-jn6nlx[aria-disabled=true],.css-jn6nlx[data-disabled]{opacity:0.4;cursor:not-allowed;box-shadow:var(--chakra-shadows-none);}.css-jn6nlx:hover,.css-jn6nlx[data-hover]{background:var(--chakra-colors-transparent);}.css-jn6nlx:active,.css-jn6nlx[data-active]{background:var(--chakra-colors-transparent);}</style><button type="button" class="chakra-button css-jn6nlx" aria-label="Language Selector" title="" id="popover-trigger-Language-Hover" aria-haspopup="dialog" aria-expanded="false" aria-controls="popover-content-Language-Hover"><div class="flags_flag__6_AvJ flags_en__gyfOk css-11elljy"></div></button><div style="visibility:hidden;position:absolute;min-width:max-content;inset:0 auto auto 0" class="chakra-popover__popper css-1qq679y"><section id="popover-content-Language-Hover" tabindex="-1" role="dialog" class="chakra-popover__content css-1sczoy4" style="transform-origin:var(--popper-transform-origin);opacity:0;visibility:hidden;transform:scale(0.95) translateZ(0)"><div data-popper-arrow="" style="position:absolute" class="chakra-popover__arrow-positioner css-0"><div class="chakra-popover__arrow css-0" data-popper-arrow-inner=""></div></div><div class="css-t2g5yq"><a class="chakra-link css-273ppw" href="/cohort/latam-pt-ds-9/machine-learning-pt-16w/v4"><div class="flags_flag__6_AvJ flags_en__gyfOk css-11elljy"></div>English</a><a class="chakra-link css-1oleiny" href="/cohort/latam-pt-ds-9/machine-learning-pt-16w/v4"><div class="flags_flag__6_AvJ flags_es__AtJdb css-11elljy"></div>Spanish</a></div></section></div></div></div></div></div><style data-emotion="css 156prlp">.css-156prlp{width:100%;-webkit-margin-start:auto;margin-inline-start:auto;-webkit-margin-end:auto;margin-inline-end:auto;-webkit-padding-start:var(--chakra-space-4);padding-inline-start:var(--chakra-space-4);-webkit-padding-end:var(--chakra-space-4);padding-inline-end:var(--chakra-space-4);background:#ffffff;max-width:none;padding:20px;position:absolute;top:100%;}</style><footer class="chakra-container css-156prlp"><style data-emotion="css 17ui524">.css-17ui524{opacity:0.6;border:0;border-color:inherit;border-style:solid;width:100%;border-bottom-width:2px;margin:3rem 0 0 0;}</style><hr aria-orientation="horizontal" class="chakra-divider css-17ui524"/><style data-emotion="css 19husc3">.css-19husc3{display:-webkit-box;display:-webkit-flex;display:-ms-flexbox;display:flex;-webkit-flex-direction:column;-ms-flex-direction:column;flex-direction:column;-webkit-box-pack:justify;-webkit-justify-content:space-between;justify-content:space-between;margin-top:1rem;margin-bottom:1rem;-webkit-align-items:center;-webkit-box-align:center;-ms-flex-align:center;align-items:center;}@media screen and (min-width: 30em){.css-19husc3{-webkit-flex-direction:column;-ms-flex-direction:column;flex-direction:column;}}@media screen and (min-width: 48em){.css-19husc3{-webkit-flex-direction:row;-ms-flex-direction:row;flex-direction:row;}}@media screen and (min-width: 62.25em){.css-19husc3{-webkit-flex-direction:row;-ms-flex-direction:row;flex-direction:row;}}</style><div class="css-19husc3"><style data-emotion="css 1i9mye9">.css-1i9mye9{display:-webkit-box;display:-webkit-flex;display:-ms-flexbox;display:flex;-webkit-flex-direction:column;-ms-flex-direction:column;flex-direction:column;-webkit-box-pack:center;-ms-flex-pack:center;-webkit-justify-content:center;justify-content:center;width:100%;margin-bottom:20px;}@media screen and (min-width: 30em){.css-1i9mye9{width:50%;margin-bottom:20px;}}@media screen and (min-width: 48em){.css-1i9mye9{width:25%;margin-bottom:0px;}}@media screen and (min-width: 62.25em){.css-1i9mye9{width:25%;margin-bottom:0px;}}</style><div class="css-1i9mye9"><style data-emotion="css 1bnxa12">.css-1bnxa12{display:-webkit-box;display:-webkit-flex;display:-ms-flexbox;display:flex;-webkit-box-pack:space-around;-ms-flex-pack:space-around;-webkit-justify-content:space-around;justify-content:space-around;}</style><div class="css-1bnxa12"><style data-emotion="css spn4bz">.css-spn4bz{transition-property:var(--chakra-transition-property-common);transition-duration:var(--chakra-transition-duration-fast);transition-timing-function:var(--chakra-transition-easing-ease-out);cursor:pointer;-webkit-text-decoration:none;text-decoration:none;outline:2px solid transparent;outline-offset:2px;color:inherit;}.css-spn4bz:hover,.css-spn4bz[data-hover]{-webkit-text-decoration:underline;text-decoration:underline;}.css-spn4bz:focus-visible,.css-spn4bz[data-focus-visible]{box-shadow:var(--chakra-shadows-outline);}</style><a target="_blank" rel="noopener noreferrer" class="chakra-link css-spn4bz" href="https://github.com/breatheco-de"><svg xmlns="http://www.w3.org/2000/svg" width="23px" height="23px" viewBox="0 0 24 24"><path fill="black" d="M12 0c-6.626 0-12 5.373-12 12 0 5.302 3.438 9.8 8.207 11.387.599.111.793-.261.793-.577v-2.234c-3.338.726-4.033-1.416-4.033-1.416-.546-1.387-1.333-1.756-1.333-1.756-1.089-.745.083-.729.083-.729 1.205.084 1.839 1.237 1.839 1.237 1.07 1.834 2.807 1.304 3.492.997.107-.775.418-1.305.762-1.604-2.665-.305-5.467-1.334-5.467-5.931 0-1.311.469-2.381 1.236-3.221-.124-.303-.535-1.524.117-3.176 0 0 1.008-.322 3.301 1.23.957-.266 1.983-.399 3.003-.404 1.02.005 2.047.138 3.006.404 2.291-1.552 3.297-1.23 3.297-1.23.653 1.653.242 2.874.118 3.176.77.84 1.235 1.911 1.235 3.221 0 4.609-2.807 5.624-5.479 5.921.43.372.823 1.102.823 2.222v3.293c0 .319.192.694.801.576 4.765-1.589 8.199-6.086 8.199-11.386 0-6.627-5.373-12-12-12z"></path></svg></a><a target="_blank" rel="noopener noreferrer" class="chakra-link css-spn4bz" href="https://www.youtube.com/user/alesanchezr"><svg width="23px" height="23px" xmlns="http://www.w3.org/2000/svg" viewBox="0 0 24 24"><path fill="#000000" d="M19.615 3.184c-3.604-.246-11.631-.245-15.23 0-3.897.266-4.356 2.62-4.385 8.816.029 6.185.484 8.549 4.385 8.816 3.6.245 11.626.246 15.23 0 3.897-.266 4.356-2.62 4.385-8.816-.029-6.185-.484-8.549-4.385-8.816zm-10.615 12.816v-8l8 3.993-8 4.007z"></path></svg></a></div></div><style data-emotion="css 1niaa2">.css-1niaa2{margin-bottom:20px;-webkit-order:-1;-ms-flex-order:-1;order:-1;width:100%;}@media screen and (min-width: 30em){.css-1niaa2{margin-bottom:20px;-webkit-order:-1;-ms-flex-order:-1;order:-1;width:50%;}}@media screen and (min-width: 48em){.css-1niaa2{margin-bottom:0px;-webkit-order:0;-ms-flex-order:0;order:0;width:25%;}}@media screen and (min-width: 62.25em){.css-1niaa2{margin-bottom:0px;-webkit-order:0;-ms-flex-order:0;order:0;width:25%;}}</style><div class="css-1niaa2"><svg width="150px" height="60px" style="margin:auto" viewBox="0 0 196 42" fill="none" xmlns="http://www.w3.org/2000/svg"><path d="M165.247 27.1236V23.7794L172.609 15.2263H178.671L169.619 25.469L165.247 27.1236Z" fill="#0197D0"></path><path d="M169.619 25.459L178.671 35.7017H172.609L165.247 27.1486V23.8044L169.619 25.459Z" fill="#0197D0"></path><path d="M81.122 24.7788H84.7802V27.6497C84.7802 27.9161 84.6918 28.1475 84.5186 28.3402C84.3454 28.533 84.0874 28.6312 83.7552 28.6312H81.122V35.7156H76.778V28.6312H64.5133C64.1775 28.6312 63.8842 28.526 63.6297 28.3192C63.3752 28.1124 63.2161 27.853 63.149 27.548L62.6436 25.0382L76.4175 6.677H81.122V24.7788ZM76.778 15.2862C76.778 14.8586 76.7922 14.3958 76.8205 13.9016C76.8452 13.4073 76.8947 12.892 76.9618 12.3557L67.9312 24.7788H76.778V15.2862Z" fill="#00041A"></path><path d="M101.792 31.7447C103.011 31.7447 104.075 31.6361 104.98 31.4152C105.885 31.1944 106.747 30.8894 107.563 30.5038V25.2212H103.923C103.573 25.2212 103.301 25.1231 103.099 24.9303C102.898 24.7375 102.799 24.4991 102.799 24.2187V21.169H112.473V32.9085C111.734 33.4448 110.967 33.9075 110.172 34.3037C109.373 34.6998 108.521 35.0223 107.617 35.2781C106.712 35.534 105.743 35.7233 104.711 35.8495C103.679 35.9757 102.566 36.0388 101.375 36.0388C99.2574 36.0388 97.3064 35.6708 95.525 34.9346C93.74 34.1985 92.199 33.1749 90.8983 31.8639C89.5976 30.5529 88.5832 28.9895 87.8516 27.1702C87.1199 25.3509 86.7559 23.3634 86.7559 21.2111C86.7559 19.0307 87.1093 17.0291 87.8197 15.2098C88.5302 13.3906 89.541 11.8272 90.8453 10.5161C92.153 9.20513 93.7365 8.18857 95.6027 7.46646C97.4654 6.74435 99.5543 6.3833 101.876 6.3833C104.248 6.3833 106.305 6.73384 108.041 7.43842C109.776 8.1395 111.25 9.0544 112.455 10.1761L110.886 12.6229C110.578 13.1171 110.168 13.366 109.659 13.366C109.338 13.366 109.009 13.2609 108.673 13.0435C108.242 12.7911 107.807 12.5352 107.355 12.2794C106.906 12.027 106.411 11.8061 105.867 11.6168C105.323 11.431 104.715 11.2768 104.036 11.1541C103.357 11.0349 102.576 10.9753 101.693 10.9753C100.258 10.9753 98.9605 11.2172 97.8012 11.6975C96.6419 12.1777 95.6522 12.8683 94.8357 13.7656C94.0193 14.663 93.3901 15.7392 92.9448 16.9976C92.503 18.256 92.2803 19.6582 92.2803 21.2111C92.2803 22.8831 92.5136 24.3729 92.9837 25.6769C93.4537 26.9809 94.1076 28.0816 94.9524 28.979C95.7971 29.8764 96.8009 30.5599 97.9673 31.0366C99.1372 31.5064 100.413 31.7447 101.792 31.7447Z" fill="#00041A"></path><path d="M125.761 14.8096C127.062 14.8096 128.257 15.0164 129.349 15.43C130.441 15.8437 131.381 16.4501 132.173 17.2458C132.965 18.0415 133.58 19.0195 134.025 20.1763C134.467 21.3331 134.69 22.6546 134.69 24.1409C134.69 24.516 134.672 24.8279 134.64 25.0733C134.608 25.3222 134.545 25.515 134.46 25.6552C134.371 25.7954 134.255 25.8971 134.11 25.9567C133.961 26.0163 133.774 26.0478 133.548 26.0478H120.799C120.947 28.1616 121.516 29.7144 122.51 30.703C123.499 31.695 124.814 32.1892 126.451 32.1892C127.256 32.1892 127.949 32.0946 128.532 31.9088C129.116 31.723 129.625 31.5162 130.059 31.2884C130.494 31.0605 130.876 30.8537 131.204 30.6679C131.533 30.4821 131.851 30.3875 132.159 30.3875C132.36 30.3875 132.533 30.426 132.682 30.5067C132.83 30.5873 132.958 30.6995 133.064 30.8467L134.513 32.652C133.961 33.2934 133.346 33.8333 132.661 34.2679C131.979 34.7026 131.265 35.0496 130.519 35.3125C129.777 35.5719 129.017 35.7577 128.246 35.8629C127.476 35.968 126.73 36.0241 126.005 36.0241C124.57 36.0241 123.238 35.7858 122.004 35.3125C120.771 34.8393 119.7 34.1347 118.788 33.2058C117.876 32.2769 117.158 31.1271 116.635 29.753C116.112 28.3824 115.851 26.7945 115.851 24.9892C115.851 23.5835 116.077 22.262 116.533 21.0246C116.989 19.7872 117.643 18.7111 118.494 17.7926C119.346 16.8777 120.385 16.1521 121.612 15.6158C122.835 15.076 124.22 14.8096 125.761 14.8096ZM125.86 18.3605C124.411 18.3605 123.28 18.7671 122.464 19.5839C121.647 20.4007 121.121 21.5574 120.894 23.0542H130.225C130.225 22.4127 130.137 21.8063 129.964 21.2384C129.791 20.6706 129.522 20.1728 129.158 19.7416C128.797 19.314 128.342 18.9775 127.79 18.7286C127.242 18.4832 126.599 18.3605 125.86 18.3605Z" fill="#00041A"></path><path d="M147.251 14.8096C148.552 14.8096 149.746 15.0164 150.842 15.43C151.934 15.8437 152.874 16.4501 153.666 17.2458C154.458 18.0415 155.073 19.0195 155.518 20.1763C155.96 21.3331 156.183 22.6546 156.183 24.1409C156.183 24.516 156.165 24.8279 156.133 25.0733C156.101 25.3222 156.038 25.515 155.953 25.6552C155.865 25.7954 155.748 25.8971 155.603 25.9567C155.455 26.0163 155.267 26.0478 155.041 26.0478H142.292C142.441 28.1616 143.01 29.7144 144.003 30.703C144.992 31.695 146.307 32.1892 147.944 32.1892C148.75 32.1892 149.442 32.0946 150.026 31.9088C150.609 31.723 151.118 31.5162 151.552 31.2884C151.987 31.0605 152.369 30.8537 152.698 30.6679C153.026 30.4821 153.344 30.3875 153.652 30.3875C153.853 30.3875 154.027 30.426 154.175 30.5067C154.324 30.5873 154.451 30.6995 154.557 30.8467L156.006 32.652C155.455 33.2934 154.84 33.8333 154.154 34.2679C153.472 34.7026 152.758 35.0496 152.012 35.3125C151.27 35.5719 150.51 35.7577 149.739 35.8629C148.969 35.968 148.223 36.0241 147.498 36.0241C146.063 36.0241 144.731 35.7858 143.497 35.3125C142.264 34.8393 141.193 34.1347 140.281 33.2058C139.369 32.2769 138.652 31.1271 138.128 29.753C137.605 28.3824 137.344 26.7945 137.344 24.9892C137.344 23.5835 137.57 22.262 138.026 21.0246C138.482 19.7872 139.136 18.7111 139.988 17.7926C140.839 16.8777 141.879 16.1521 143.105 15.6158C144.324 15.076 145.71 14.8096 147.251 14.8096ZM147.353 18.3605C145.904 18.3605 144.773 18.7671 143.957 19.5839C143.14 20.4007 142.614 21.5574 142.387 23.0542H151.719C151.719 22.4127 151.63 21.8063 151.457 21.2384C151.284 20.6706 151.015 20.1728 150.651 19.7416C150.291 19.314 149.835 18.9775 149.283 18.7286C148.732 18.4832 148.089 18.3605 147.353 18.3605Z" fill="#00041A"></path><path d="M165.244 26.2845V35.714H160.278V5.89722H165.244V22.9719" fill="#00041A"></path><path d="M194.642 19.1426C194.508 19.3564 194.367 19.5072 194.222 19.5948C194.073 19.6824 193.886 19.7245 193.66 19.7245C193.419 19.7245 193.161 19.6579 192.886 19.5247C192.61 19.3915 192.292 19.2408 191.931 19.0725C191.571 18.9042 191.157 18.7535 190.694 18.6203C190.231 18.4871 189.687 18.4205 189.054 18.4205C188.075 18.4205 187.305 18.6273 186.743 19.0409C186.181 19.4546 185.898 19.9979 185.898 20.6674C185.898 21.1091 186.043 21.4807 186.333 21.7822C186.619 22.0836 187.001 22.3465 187.478 22.5744C187.951 22.8022 188.492 23.0055 189.097 23.1878C189.701 23.3701 190.316 23.5664 190.949 23.7802C191.578 23.994 192.196 24.2394 192.801 24.5128C193.405 24.7863 193.942 25.1333 194.42 25.5574C194.897 25.9781 195.278 26.4829 195.565 27.0718C195.855 27.6607 195.999 28.3688 195.999 29.1995C195.999 30.1881 195.819 31.103 195.455 31.9372C195.095 32.775 194.564 33.4971 193.868 34.1036C193.172 34.7135 192.309 35.1867 191.284 35.5267C190.259 35.8668 189.082 36.0385 187.757 36.0385C187.047 36.0385 186.354 35.9754 185.675 35.8492C184.997 35.723 184.346 35.5443 183.724 35.3164C183.102 35.0886 182.522 34.8222 181.996 34.5137C181.466 34.2052 180.999 33.8722 180.6 33.5112L181.745 31.6253C181.893 31.3974 182.066 31.2221 182.268 31.103C182.469 30.9838 182.724 30.9207 183.031 30.9207C183.339 30.9207 183.632 31.0083 183.908 31.1801C184.184 31.3553 184.502 31.5411 184.862 31.7409C185.223 31.9407 185.65 32.13 186.138 32.3018C186.626 32.4771 187.248 32.5612 187.997 32.5612C188.588 32.5612 189.093 32.4911 189.517 32.3509C189.938 32.2107 190.288 32.0249 190.563 31.8005C190.839 31.5727 191.041 31.3098 191.168 31.0083C191.295 30.7068 191.359 30.3949 191.359 30.0759C191.359 29.5956 191.214 29.1995 190.927 28.8911C190.638 28.5826 190.256 28.3162 189.782 28.0883C189.305 27.8605 188.764 27.6572 188.153 27.4749C187.541 27.2961 186.919 27.0963 186.283 26.8825C185.647 26.6687 185.025 26.4163 184.413 26.1288C183.802 25.8414 183.261 25.4768 182.784 25.0351C182.31 24.5935 181.925 24.0536 181.639 23.4087C181.349 22.7672 181.208 21.9925 181.208 21.0811C181.208 20.2398 181.374 19.4371 181.709 18.6729C182.045 17.9087 182.537 17.2462 183.187 16.6748C183.837 16.1034 184.647 15.6512 185.619 15.3112C186.591 14.9712 187.711 14.7994 188.987 14.7994C190.408 14.7994 191.701 15.0343 192.868 15.5005C194.034 15.9702 195.006 16.5837 195.784 17.3478L194.642 19.1426Z" fill="#00041A"></path><path d="M4.20323 30.9843H6.37404V33.3325C6.37404 37.8336 10.0838 41.4831 14.6605 41.4831H35.4282C40.0049 41.4831 43.7146 37.8336 43.7146 33.3325V30.9843H47.0192C48.0512 30.9843 48.8882 30.1606 48.8882 29.1465V19.3041H50.1837C50.6739 19.3041 51.079 18.9103 51.079 18.4245V17.4843C51.079 16.9986 50.6789 16.6047 50.1887 16.6047H48.8932V14.7849C48.8932 13.7708 48.0545 12.9454 47.0242 12.9454H43.9697C43.5595 10.3281 41.0836 9.31401 41.0836 9.31401C48.5281 7.11843 44.0597 0.416815 44.0597 0.416815C42.5475 3.25073 40.6318 3.58876 37.3839 3.36723C34.056 3.14078 18.857 -4.00061 10.6823 3.22447C6.7125 6.73445 5.87385 10.2871 6.01224 12.9454H4.20323C3.17285 12.9454 2.3342 13.7692 2.3342 14.7849V16.6047H0.893666C0.403484 16.6047 0 16.9986 0 17.4843V18.4245C0 18.907 0.400149 19.3041 0.893666 19.3041H2.3342V29.1465C2.3342 30.1606 3.17285 30.9843 4.20323 30.9843V30.9843ZM31.5584 16.8689C31.5584 16.2568 32.0619 15.7613 32.6838 15.7613H44.8984C45.5203 15.7613 46.0238 16.2568 46.0238 16.8689V27.0805C46.0238 27.6926 45.5203 28.1882 44.8984 28.1882H32.6838C32.0619 28.1882 31.5584 27.6926 31.5584 27.0805V16.8689V16.8689ZM5.20527 16.8689C5.20527 16.2568 5.70879 15.7613 6.33069 15.7613H18.5452C19.1671 15.7613 19.6707 16.2568 19.6707 16.8689V27.0625C19.6707 27.6745 19.1671 28.1701 18.5452 28.1701H6.33069C5.70879 28.1701 5.20527 27.6745 5.20527 27.0625V16.8689V16.8689Z" fill="#00041A"></path></svg></div><style data-emotion="css 1yccwue">.css-1yccwue{display:-webkit-box;display:-webkit-flex;display:-ms-flexbox;display:flex;-webkit-flex-direction:column;-ms-flex-direction:column;flex-direction:column;-webkit-box-pack:center;-ms-flex-pack:center;-webkit-justify-content:center;justify-content:center;width:100%;}@media screen and (min-width: 30em){.css-1yccwue{width:50%;}}@media screen and (min-width: 48em){.css-1yccwue{width:25%;}}@media screen and (min-width: 62.25em){.css-1yccwue{width:25%;}}</style><div class="css-1yccwue"><form><p class="chakra-text css-0">Subscribe for more!</p><style data-emotion="css 1f0vd6v">.css-1f0vd6v{width:100%;display:-webkit-box;display:-webkit-flex;display:-ms-flexbox;display:flex;position:relative;isolation:isolate;color:#000000;}</style><div class="chakra-input__group css-1f0vd6v" data-group="true"><style data-emotion="css de6j91">.css-de6j91{min-width:0px;outline:2px solid transparent;outline-offset:2px;position:relative;-webkit-appearance:none;-moz-appearance:none;-ms-appearance:none;appearance:none;transition-property:var(--chakra-transition-property-common);transition-duration:var(--chakra-transition-duration-normal);font-size:var(--chakra-fontSizes-md);-webkit-padding-start:var(--chakra-space-4);padding-inline-start:var(--chakra-space-4);-webkit-padding-end:var(--chakra-space-10);padding-inline-end:var(--chakra-space-10);height:var(--chakra-sizes-10);border-radius:var(--chakra-radii-md);border:1px solid;border-color:inherit;background:inherit;width:100%;}.css-de6j91:disabled,.css-de6j91[disabled],.css-de6j91[aria-disabled=true],.css-de6j91[data-disabled]{opacity:0.4;cursor:not-allowed;}.css-de6j91:hover,.css-de6j91[data-hover]{border-color:var(--chakra-colors-gray-300);}.css-de6j91[aria-readonly=true],.css-de6j91[readonly],.css-de6j91[data-readonly]{box-shadow:var(--chakra-shadows-none)!important;-webkit-user-select:all;-moz-user-select:all;-ms-user-select:all;user-select:all;}.css-de6j91[aria-invalid=true],.css-de6j91[data-invalid]{border-color:#E53E3E;box-shadow:0 0 0 1px #E53E3E;}.css-de6j91:focus-visible,.css-de6j91[data-focus-visible]{z-index:1;border-color:#3182CE;box-shadow:0 0 0 1px #3182CE;}</style><input placeholder="Email" type="email" required="" aria-required="true" class="chakra-input css-de6j91" value=""/><style data-emotion="css 18j0r8v">.css-18j0r8v{right:0;width:var(--chakra-sizes-10);height:var(--chakra-sizes-10);font-size:var(--chakra-fontSizes-md);display:-webkit-box;display:-webkit-flex;display:-ms-flexbox;display:flex;-webkit-align-items:center;-webkit-box-align:center;-ms-flex-align:center;align-items:center;-webkit-box-pack:center;-ms-flex-pack:center;-webkit-justify-content:center;justify-content:center;position:absolute;top:0px;z-index:2;border-color:#000000;}</style><div class="chakra-input__right-element css-18j0r8v"><style data-emotion="css eeqq40">.css-eeqq40{display:-webkit-inline-box;display:-webkit-inline-flex;display:-ms-inline-flexbox;display:inline-flex;-webkit-appearance:none;-moz-appearance:none;-ms-appearance:none;appearance:none;-webkit-align-items:center;-webkit-box-align:center;-ms-flex-align:center;align-items:center;-webkit-box-pack:center;-ms-flex-pack:center;-webkit-justify-content:center;justify-content:center;-webkit-user-select:none;-moz-user-select:none;-ms-user-select:none;user-select:none;position:relative;white-space:nowrap;vertical-align:middle;outline:2px solid transparent;outline-offset:2px;line-height:1.2;border-radius:var(--chakra-radii-md);font-weight:var(--chakra-fontWeights-semibold);transition-property:var(--chakra-transition-property-common);transition-duration:var(--chakra-transition-duration-normal);height:var(--chakra-sizes-10);min-width:var(--chakra-sizes-10);font-size:var(--chakra-fontSizes-md);-webkit-padding-start:var(--chakra-space-4);padding-inline-start:var(--chakra-space-4);-webkit-padding-end:var(--chakra-space-4);padding-inline-end:var(--chakra-space-4);background:var(--chakra-colors-gray-100);padding:0px;}.css-eeqq40:focus-visible,.css-eeqq40[data-focus-visible]{box-shadow:var(--chakra-shadows-outline);}.css-eeqq40:disabled,.css-eeqq40[disabled],.css-eeqq40[aria-disabled=true],.css-eeqq40[data-disabled]{opacity:0.4;cursor:not-allowed;box-shadow:var(--chakra-shadows-none);}.css-eeqq40:hover,.css-eeqq40[data-hover]{background:var(--chakra-colors-gray-200);}.css-eeqq40:hover:disabled,.css-eeqq40[data-hover]:disabled,.css-eeqq40:hover[disabled],.css-eeqq40[data-hover][disabled],.css-eeqq40:hover[aria-disabled=true],.css-eeqq40[data-hover][aria-disabled=true],.css-eeqq40:hover[data-disabled],.css-eeqq40[data-hover][data-disabled]{background:var(--chakra-colors-gray-100);}.css-eeqq40:active,.css-eeqq40[data-active]{background:var(--chakra-colors-gray-300);}</style><button type="submit" class="chakra-button css-eeqq40" aria-label="Submit form" style="right:1px;height:38px;border-bottom-left-radius:0px;border-top-left-radius:0px"><style data-emotion="css onkibi">.css-onkibi{width:1em;height:1em;display:inline-block;line-height:1em;-webkit-flex-shrink:0;-ms-flex-negative:0;flex-shrink:0;color:currentColor;vertical-align:middle;}</style><svg viewBox="0 0 14 14" focusable="false" class="chakra-icon css-onkibi" aria-hidden="true"><g fill="currentColor"><polygon points="5.5 11.9993304 14 3.49933039 12.5 2 5.5 8.99933039 1.5 4.9968652 0 6.49933039"></polygon></g></svg></button></div></div><small style="font-size:9px;line-height:5px">This site is protected by reCAPTCHA and the Google <a href="https://policies.google.com/privacy">Privacy Policy</a> and <a href="https://policies.google.com/terms">Terms of Service</a> apply.</small><style data-emotion="css tr0r3x">.css-tr0r3x{margin-top:15px;}</style><div class="css-tr0r3x"><div></div></div></form></div></div><style data-emotion="css 1xghjfq">.css-1xghjfq{opacity:0.6;border:0;border-color:inherit;border-style:solid;width:100%;border-bottom-width:2px;}</style><hr aria-orientation="horizontal" class="chakra-divider css-1xghjfq"/><style data-emotion="css h10mkz">.css-h10mkz{display:-webkit-box;display:-webkit-flex;display:-ms-flexbox;display:flex;padding:30px 10px;}@media screen and (min-width: 30em){.css-h10mkz{padding:30px 20px;}}@media screen and (min-width: 48em){.css-h10mkz{padding:30px 0 30px 20px;}}@media screen and (min-width: 62.25em){.css-h10mkz{padding:30px 40px;}}</style><div class="css-h10mkz"><style data-emotion="css 9nq1st">.css-9nq1st{display:-webkit-box;display:-webkit-flex;display:-ms-flexbox;display:flex;-webkit-box-flex-wrap:wrap;-webkit-flex-wrap:wrap;-ms-flex-wrap:wrap;flex-wrap:wrap;min-width:60%;width:100%;margin-right:0px;-webkit-box-pack:justify;-webkit-justify-content:space-between;justify-content:space-between;}@media screen and (min-width: 30em){.css-9nq1st{-webkit-box-flex-wrap:wrap;-webkit-flex-wrap:wrap;-ms-flex-wrap:wrap;flex-wrap:wrap;width:100%;margin-right:0px;-webkit-box-pack:justify;-webkit-justify-content:space-between;justify-content:space-between;}}@media screen and (min-width: 48em){.css-9nq1st{-webkit-box-flex-wrap:nowrap;-webkit-flex-wrap:nowrap;-ms-flex-wrap:nowrap;flex-wrap:nowrap;width:60%;margin-right:3%;-webkit-box-pack:normal;-ms-flex-pack:normal;-webkit-justify-content:normal;justify-content:normal;}}@media screen and (min-width: 62.25em){.css-9nq1st{-webkit-box-flex-wrap:nowrap;-webkit-flex-wrap:nowrap;-ms-flex-wrap:nowrap;flex-wrap:nowrap;width:60%;margin-right:3%;-webkit-box-pack:normal;-ms-flex-pack:normal;-webkit-justify-content:normal;justify-content:normal;}}</style><div class="css-9nq1st"><style data-emotion="css 1heg61">.css-1heg61{text-align:center;width:47%;margin-right:0px;}@media screen and (min-width: 30em){.css-1heg61{text-align:center;width:40%;margin-right:0px;}}@media screen and (min-width: 48em){.css-1heg61{text-align:left;width:auto;margin-right:5%;}}@media screen and (min-width: 62.25em){.css-1heg61{text-align:left;width:auto;margin-right:5%;}}</style><div class="css-1heg61"><style data-emotion="css r7385d">.css-r7385d{font-family:var(--chakra-fonts-heading);font-weight:var(--chakra-fontWeights-bold);font-size:var(--chakra-fontSizes-md);line-height:1.2;text-align:left;margin-bottom:15px;}@media screen and (min-width: 48em){.css-r7385d{text-align:center;}}</style><h3 class="chakra-heading css-r7385d">COMPANY</h3><style data-emotion="css 143578o">.css-143578o{text-align:left;}@media screen and (min-width: 48em){.css-143578o{text-align:center;}}</style><ul role="presentation" class="css-143578o"><style data-emotion="css gh4skp">.css-gh4skp{padding-bottom:6px;display:-webkit-box;display:-webkit-flex;display:-ms-flexbox;display:flex;}</style><li role="presentation" class="css-gh4skp"><style data-emotion="css abxfey">.css-abxfey{transition-property:var(--chakra-transition-property-common);transition-duration:var(--chakra-transition-duration-fast);transition-timing-function:var(--chakra-transition-easing-ease-out);cursor:pointer;-webkit-text-decoration:none;text-decoration:none;outline:2px solid transparent;outline-offset:2px;color:inherit;font-size:0.875rem;text-transform:uppercase;}.css-abxfey:hover,.css-abxfey[data-hover]{-webkit-text-decoration:underline;text-decoration:underline;}.css-abxfey:focus-visible,.css-abxfey[data-focus-visible]{box-shadow:var(--chakra-shadows-outline);}</style><a class="chakra-link css-abxfey" href="/about-us">ABOUT US</a></li><li role="presentation" class="css-gh4skp"><a class="chakra-link css-abxfey" href="mailto:info@4geeks.com">CONTACT</a></li><li role="presentation" class="css-gh4skp"><a class="chakra-link css-abxfey" href="https://www.figma.com/file/bCFnyXv8xazLofCUkXYeAb/BrandBook-2023?type=design&amp;node-id=117%3A0&amp;mode=design&amp;t=n39Qew2PgkSBrxzF-1">MEDIA KIT</a></li></ul></div><style data-emotion="css 1pjgbtp">.css-1pjgbtp{width:47%;margin-bottom:30px;text-align:center;display:block;}@media screen and (min-width: 30em){.css-1pjgbtp{width:40%;display:block;}}@media screen and (min-width: 48em){.css-1pjgbtp{width:auto;display:none;}}@media screen and (min-width: 62.25em){.css-1pjgbtp{width:auto;display:none;}}</style><div class="css-1pjgbtp"><style data-emotion="css 16ythvv">.css-16ythvv{font-family:var(--chakra-fonts-heading);font-weight:var(--chakra-fontWeights-bold);font-size:var(--chakra-fontSizes-md);line-height:1.2;text-align:left;margin-bottom:15px;}</style><h3 class="chakra-heading css-16ythvv">LEARNING LIBRARY</h3><ul role="presentation" class="css-143578o"><li role="presentation" class="css-gh4skp"><style data-emotion="css f0t9fa">.css-f0t9fa{transition-property:var(--chakra-transition-property-common);transition-duration:var(--chakra-transition-duration-fast);transition-timing-function:var(--chakra-transition-easing-ease-out);cursor:pointer;-webkit-text-decoration:none;text-decoration:none;outline:2px solid transparent;outline-offset:2px;color:inherit;font-size:0.875rem;}.css-f0t9fa:hover,.css-f0t9fa[data-hover]{-webkit-text-decoration:underline;text-decoration:underline;}.css-f0t9fa:focus-visible,.css-f0t9fa[data-focus-visible]{box-shadow:var(--chakra-shadows-outline);}</style><a class="chakra-link css-f0t9fa" href="/lessons">READ AND WATCH</a></li><li role="presentation" class="css-gh4skp"><a class="chakra-link css-f0t9fa" href="/interactive-exercises">PRACTICE INTERACTIVELY</a></li><li role="presentation" class="css-gh4skp"><a class="chakra-link css-f0t9fa" href="/interactive-coding-tutorials">BUILD PROJECTS</a></li><li role="presentation" class="css-gh4skp"><a class="chakra-link css-f0t9fa" href="/how-to">HOW TO’S?</a></li><li role="presentation" class="css-gh4skp"><a class="chakra-link css-f0t9fa" href="/docs/knowledge-base-4geeks">KNOWLEDGE BASE</a></li></ul></div><style data-emotion="css 1n3h0o7">.css-1n3h0o7{text-align:center;width:47%;display:block;}@media screen and (min-width: 30em){.css-1n3h0o7{width:40%;display:block;}}@media screen and (min-width: 48em){.css-1n3h0o7{width:auto;display:none;}}@media screen and (min-width: 62.25em){.css-1n3h0o7{width:auto;display:none;}}</style><div class="css-1n3h0o7"><h3 class="chakra-heading css-16ythvv">4GEEKS COMMUNITY</h3><ul role="presentation" class="css-143578o"><li role="presentation" class="css-gh4skp"><a class="chakra-link css-f0t9fa" href="/workshops">WORKSHOPS AND EVENTS</a></li><li role="presentation" class="css-gh4skp"><a class="chakra-link css-f0t9fa" href="/mentorships">LIVE MENTORSHIPS</a></li><li role="presentation" class="css-gh4skp"><a class="chakra-link css-f0t9fa" href="/docs/knowledge-base-4geeks/live-events-workshops-and-classes">SOCIAL &amp; LIVE LEARNING</a></li><li role="presentation" class="css-gh4skp"><a class="chakra-link css-f0t9fa" href="/code-of-conduct-and-ethic">CODE OF CONDUCT</a></li></ul></div><div class="css-1n3h0o7"><h3 class="chakra-heading css-16ythvv">SOCIAL &amp; LIVE LEARNING</h3><ul role="presentation" class="css-143578o"><style data-emotion="css 8vsm8q">.css-8vsm8q{padding-bottom:6px;overflow:auto;display:-webkit-box;display:-webkit-flex;display:-ms-flexbox;display:flex;}</style><li role="presentation" class="css-8vsm8q"><a class="chakra-link css-f0t9fa" href="/bootcamp/start-coding-using-javascript">START CODING USING JAVASCRIPT</a></li><li role="presentation" class="css-8vsm8q"><a class="chakra-link css-f0t9fa" href="/bootcamp/full-stack-development">FULL STACK CODING BOOTCAMP</a></li><li role="presentation" class="css-8vsm8q"><a class="chakra-link css-f0t9fa" href="/bootcamp/deep-dive-into-python">DEEP DIVE INTO PYTHON</a></li><li role="presentation" class="css-8vsm8q"><a class="chakra-link css-f0t9fa" href="/bootcamp/data-science-and-ml">DATA SCIENCE AND ML</a></li></ul></div><style data-emotion="css 87v0wc">.css-87v0wc{width:100%;-webkit-margin-start:auto;margin-inline-start:auto;-webkit-margin-end:auto;margin-inline-end:auto;-webkit-padding-start:var(--chakra-space-4);padding-inline-start:var(--chakra-space-4);-webkit-padding-end:var(--chakra-space-4);padding-inline-end:var(--chakra-space-4);margin-right:5%;padding-right:4%;max-width:none;padding-left:0px;border-right:var(--chakra-borders-2px);border-color:#e2e8f0;-webkit-flex-shrink:0.7;-ms-flex-negative:0.7;flex-shrink:0.7;display:none;}@media screen and (min-width: 30em){.css-87v0wc{display:none;}}@media screen and (min-width: 48em){.css-87v0wc{display:block;}}@media screen and (min-width: 62.25em){.css-87v0wc{display:block;}}</style><div class="chakra-container css-87v0wc"><style data-emotion="css 7veki2">.css-7veki2{width:100%;padding-left:15%;margin-bottom:20px;border-left:var(--chakra-borders-2px);border-color:#e2e8f0;}</style><div class="css-7veki2"><style data-emotion="css 1yt9wo9">.css-1yt9wo9{font-family:var(--chakra-fonts-heading);font-weight:var(--chakra-fontWeights-bold);font-size:var(--chakra-fontSizes-md);line-height:1.2;margin-bottom:15px;}</style><h3 class="chakra-heading css-1yt9wo9">LEARNING LIBRARY</h3><ul role="presentation" class="css-143578o"><li role="presentation" class="css-gh4skp"><a class="chakra-link css-f0t9fa" href="/lessons">READ AND WATCH</a></li><li role="presentation" class="css-gh4skp"><a class="chakra-link css-f0t9fa" href="/interactive-exercises">PRACTICE INTERACTIVELY</a></li><li role="presentation" class="css-gh4skp"><a class="chakra-link css-f0t9fa" href="/interactive-coding-tutorials">BUILD PROJECTS</a></li><li role="presentation" class="css-gh4skp"><a class="chakra-link css-f0t9fa" href="/how-to">HOW TO’S?</a></li><li role="presentation" class="css-gh4skp"><a class="chakra-link css-f0t9fa" href="/docs/knowledge-base-4geeks">KNOWLEDGE BASE</a></li></ul></div><style data-emotion="css 4qbcit">.css-4qbcit{width:100%;padding-left:15%;border-left:var(--chakra-borders-2px);border-color:#e2e8f0;}</style><div class="css-4qbcit"><h3 class="chakra-heading css-1yt9wo9">4GEEKS COMMUNITY</h3><ul role="presentation" class="css-143578o"><li role="presentation" class="css-gh4skp"><a class="chakra-link css-f0t9fa" href="/workshops">WORKSHOPS AND EVENTS</a></li><li role="presentation" class="css-gh4skp"><a class="chakra-link css-f0t9fa" href="/mentorships">LIVE MENTORSHIPS</a></li><li role="presentation" class="css-gh4skp"><a class="chakra-link css-f0t9fa" href="/docs/knowledge-base-4geeks/live-events-workshops-and-classes">SOCIAL &amp; LIVE LEARNING</a></li><li role="presentation" class="css-gh4skp"><a class="chakra-link css-f0t9fa" href="/code-of-conduct-and-ethic">CODE OF CONDUCT</a></li></ul></div></div><style data-emotion="css 1qiaynd">.css-1qiaynd{display:none;}@media screen and (min-width: 30em){.css-1qiaynd{display:none;}}@media screen and (min-width: 48em){.css-1qiaynd{display:block;}}@media screen and (min-width: 62.25em){.css-1qiaynd{display:block;}}</style><div class="css-1qiaynd"><h3 class="chakra-heading css-1yt9wo9">SOCIAL &amp; LIVE LEARNING</h3><style data-emotion="css itvw0n">.css-itvw0n{font-size:var(--chakra-fontSizes-sm);}</style><p class="chakra-text css-itvw0n">The most efficient way to learn: Join a cohort with classmates like yourself, live streamings, coding jam sessions, live mentorships with real experts and keep the motivation.</p></div></div><style data-emotion="css wg12f0">.css-wg12f0{-webkit-box-flex-wrap:wrap;-webkit-flex-wrap:wrap;-ms-flex-wrap:wrap;flex-wrap:wrap;width:40%;grid-row-gap:20px;-webkit-box-pack:justify;-webkit-justify-content:space-between;justify-content:space-between;display:none;}@media screen and (min-width: 30em){.css-wg12f0{display:none;}}@media screen and (min-width: 48em){.css-wg12f0{display:-webkit-box;display:-webkit-flex;display:-ms-flexbox;display:flex;}}@media screen and (min-width: 62.25em){.css-wg12f0{display:-webkit-box;display:-webkit-flex;display:-ms-flexbox;display:flex;}}</style><div class="css-wg12f0"><style data-emotion="css 1ll5285">.css-1ll5285{width:48%;margin-right:2px;margin-bottom:5px;}</style><div class="css-1ll5285"><style data-emotion="css 1y4gasv">.css-1y4gasv{transition-property:var(--chakra-transition-property-common);transition-duration:var(--chakra-transition-duration-fast);transition-timing-function:var(--chakra-transition-easing-ease-out);cursor:pointer;-webkit-text-decoration:none;text-decoration:none;outline:2px solid transparent;outline-offset:2px;color:inherit;display:-webkit-box;display:-webkit-flex;display:-ms-flexbox;display:flex;-webkit-align-items:center;-webkit-box-align:center;-ms-flex-align:center;align-items:center;margin-bottom:15px;}.css-1y4gasv:hover,.css-1y4gasv[data-hover]{-webkit-text-decoration:underline;text-decoration:underline;}.css-1y4gasv:focus-visible,.css-1y4gasv[data-focus-visible]{box-shadow:var(--chakra-shadows-outline);}</style><a class="chakra-link css-1y4gasv" href="/bootcamp/start-coding-using-javascript"><style data-emotion="css jh1sqe">.css-jh1sqe{font-family:var(--chakra-fonts-heading);font-weight:var(--chakra-fontWeights-bold);line-height:1.33;font-size:12px;}@media screen and (min-width: 48em){.css-jh1sqe{line-height:1.2;}}</style><h3 class="chakra-heading css-jh1sqe">START CODING USING JAVASCRIPT</h3></a><style data-emotion="css ctossv">.css-ctossv{font-size:var(--chakra-fontSizes-sm);line-height:22px;}</style><p class="chakra-text css-ctossv">Get started in coding with the world&#x27;s most popular language. Build your first projects with an Excuse Generator, Domain name finder, and more than 300 exercises.</p></div><div class="css-1ll5285"><a class="chakra-link css-1y4gasv" href="/bootcamp/full-stack-development"><h3 class="chakra-heading css-jh1sqe">FULL STACK CODING BOOTCAMP</h3></a><p class="chakra-text css-ctossv">Become a Full Stack software developer using Python, React and Javascript. The most in-demand skills. Find a job as a developer.</p></div><div class="css-1ll5285"><a class="chakra-link css-1y4gasv" href="/bootcamp/deep-dive-into-python"><h3 class="chakra-heading css-jh1sqe">DEEP DIVE INTO PYTHON</h3></a><p class="chakra-text css-ctossv">Get started in coding with the world&#x27;s most popular language. Build your first projects and practice with more than 300 exercises.</p></div><div class="css-1ll5285"><a class="chakra-link css-1y4gasv" href="/bootcamp/data-science-and-ml"><h3 class="chakra-heading css-jh1sqe">DATA SCIENCE AND ML</h3></a><p class="chakra-text css-ctossv">Learn Python to collect and manage data. Create models and solve problems using Machine Learning, Deep Learning, and AI.</p></div></div></div><hr aria-orientation="horizontal" class="chakra-divider css-1xghjfq"/></footer><span></span><span id="__chakra_env" hidden=""></span></div><script id="__NEXT_DATA__" type="application/json">{"props":{"pageProps":{},"__lang":"en","__namespaces":{"common":{"change-language":"Change language","see-more":"See more","reviews":"Ratings","course-rating":"Course rating","connect-with-github":"Connect with Github","connect-with-rigobot":"Connect with Rigobot","get-help-rigobot":"Get help from Rigobot","see-financing-options":"See payment options","your-tutors-in-this-cohort":"Your tutors:","main-instructor":"Main Instructor","teacher-assistant":"Teacher Assistant","hide":"Hide","rigo":"Rigo","ai-tutor":"AI Tutor","tooltip-ai-tutor":"Never be stuck again, our internally developed AI tutor will help you everywhere, every step of the way.","see-workshops":"See all workshops","see-all-events":"See all events","mentorships":"Mentorships","mentorship-description":"Schedule a face to face mentorship session with an industry expert. Mentorships are the most efficient way to learn.","schedule-mentoring":"Schedule a mentoring session","default-share-message":"Look what I've learned at 4Geeks!","rigobot-bubble":{"greeting":"Hi!"},"clone-modal":{"title":"How to clone a project?"},"word-connector":{"and":"and","or":"or","to":"to","from":"from","of":"of","in":"in","on":"on","with":"with","for":"for","minute":"minute","hour":"hour","day":"day","week":"week","month":"month","year":"year","seconds":"seconds","minutes":"minutes","hours":"hours","days":"days","weeks":"weeks","months":"months","years":"years"},"timer":{"min":"min","mins":"mins","sec":"seg"},"back-to-asset":{"lesson":"Back to Lessons","interactive-coding-tutorial":"Back to Projects","interactive-exercise":"Back to Exercises","how-to":"Back to How to's"},"no-translation-available":"No translation available","read-next":"Read next","heading":"Welcome to","change-locale":"Change locale","error-with-status":"A {{statusCode}} error occurred on server","error-without-status":"An error occurred on the server","edit-on-github":"Edit on Github","open-google-collab":"Open in Colab","github-not-connected":"Your Github account is not connected.","github-warning":"Your Github account is not connected. Only active 4Geeks Academy students with a conected Github account will be able to get unlimited Codespace hours.","title":"Welcome | Learn","backToHome":"Back to home","goBack":"Go Back","lesson":"Lesson","exercise":"Exercise","project":"Project","article":"How to","how-to":"How to","quiz":"Quiz","tasks":"Tasks","filter":"Filter","filters":"Filters","sort":"Sort","close":"Close","try-again":"Try again","continue":"Continue","confirm":"Confirm","submit":"Submit","enroll":"Enroll now","get-plan":"Get plan","enroll-totally-free":"Enroll totally free","enroll-for-connector":"Enroll for","start-tutorial":"Start tutorial","see-upcoming-events":"See upcoming events","see-upcoming-events-description":"Every week new live classes, workshops \u0026 upcoming events are organized. Stay tuned!","learn-more":"Learn more","more-technologies":"More technologies","continue-learning":"Continue learning about:","technologies-and-more":"{{technologies}} and more.","user-id":"User ID","day":"Day","days":"Days","short-seconds":"Sec","interactive":"Interactive","beginner":"Beginner","easy":"Easy","intermediate":"Intermediate","hard":"Hard","taken-by":"Taken by","attended":"Attended","modification-date":"Modification date","first-name":"First name","last-name":"Last name","full-name":"Full name","time-elapsed":"Time elapsed","email":"Email","confirm-email":"Confirm email","phone":"Phone","popular-searches":"Popular searches","password":"Password","confirm-password":"Confirm password","difficulty":"Difficulty","repository":"Repository","click-to-open":"Click to open","open":"Open","any-available":"{{any}} available","not-available":"Not available","live-demo":"Solution video","solution-code":"Solution code","video-solution":"Contains video solution","watch-video":"Watch video","watch-video-solution":"Watch video solution","review-solution":"Review solution code","supplementary-material":"Supplementary Material","suggested-material":"In order to prepare better for completing this exercises, we suggest the following materials","live-now":"Live Now!","live":"Live","technologies":"Technologies","full-screen":"Full screen","no-title":"No title 🙂","search-not-found":"No matches found for this search","asset-not-found-in-current-language":"There is no content for this technology in this language, try a different language.","no-elements":"No elements found","select":"Select","difficulties":"Difficulties","only-video-tutorials":"Only video tutorials","apply-filters":"Apply filters","clear-all":"Clear all","english":"English","spanish":"Spanish","remaining":"Remaining","show-more":"Show more","show-less":"Show less","repository-information":"repository's information section","seach-technology":"Search technology","remove-difficulty":"Remove difficulty","read-lesson":"Read lesson","asset-button":{"lesson":"Read lesson","exercise":"Start exercise","project":"Start project","article":"Read article"},"copied":"Copied!","no-options-message":"No options available","see-instructions":"See instructions","taskStatus":{"project-approved":"Project approved","pending-subtasks":"Take me there","update-project-delivery":"Update project delivery","send-project":"Send project","mark-as-done":"Mark as done","mark-as-not-done":"Mark as not done"},"external":{"title":"This is an external exercise","description":"\u003cstrong\u003e\"{{projectName}}\"\u003c/strong\u003e is an external exercise you will be redirected to a new tab to do it; choose one of the following options to start working on the project:"},"chat-with-rigobot":"Chat with Rigobot","rigobot":{"title":"Meet Rigobot","description":"Rigobot is an AI that guides students on their path to learning to code. It offers clear explanations, practical examples, and personalized step-by-step support. Ideal for beginners and curious students who want to master the world of code.","commonVideoUrl":"https://www.youtube.com/watch?v=6m1Jyya7eCc","steps":[{"label":"Meet Rigobot, your AI coding mentor.","description":"Rigobot is designed to support you through every stage of your coding journey. It sees what you're reading, understands the code you're writing, and gives you expert-level guidance, offering just the right hints so you can find the solution yourself.","video":"","source":""},{"label":"Ask Rigobot as you read.","description":"While you're reading lessons, simply click the Rigobot icon on the bottom right of your screen to ask questions. It can answer your doubts instantly, in context, as you're learning, helping you stay focused and deepen your understanding without breaking your flow.","video":"","source":""},{"label":"Get help during coding challenges.","description":"As you work on exercises, you can run your code and get immediate, friendly feedback. Rigobot won't give you the solution directly, instead, it points you in the right direction, helping you improve your logic and sharpen your problem-solving skills.","video":"","source":""},{"label":"Get help in your own computer.","description":"Rigobot works not only in the browser but also on your local setup. Whether you're building a project or tackling a real-world task, it can guide you through it, making your development environment feel just like a real job experience.","video":"","source":""}]},"learnpack":{"title":"This is a Learnpack interactive exercise","choose-open":"Choose how to open this project","description":"\u003cstrong\u003e\"{{projectName}}\"\u003c/strong\u003e uses LearnPack for an interactive and auto-graded experience; choose one of the following options to start working on the project:","description2":"This practice will reroute your browser to LearnPack - an interactive learning tool that runs integrated with VSCode.","new-exercise":"Start from the beginning","continue-exercise":"Continue from a previous session","open-with-vendor":"Open with {{vendor}}","open-locally":"Open locally on your computer","start-interactive-asset":"Start interactive {{asset_type}}","start-asset":"Start {{asset_type}}","continue-asset":"Continue this {{asset_type}}","asset_types":{"project":"project","exercise":"exercise"},"dependencies":{"node-js":"Node JS","python":"Python","javascript":"Javascript"},"start-exercise":"Start exercise","recommended":"Recommended","install-specific-version":"Install {{name}} with version {{version}} in your computer","banner-description":"It's crucial to install the version specified, otherwise the project may not run correctly. Install version {{version}}","open-in-learnpack-button":{"text":"Open in the cloud","title":"Open in the cloud","description":"We take care of \u003ca class=\"link\" target=\"_blank\" href=\"https://4geeks.com/click-and-learn\"\u003esetup and installations\u003c/a\u003e for all the required technologies to run this exercise or project.","type":"dropdown","steps":[{"label":"Verify if the repository is a template","description":"Check if the repository is a GitHub template before proceeding.\u003cbr\u003e\u003cbr\u003eYou can find out if it is a template by looking at the {{repoUrl}}.\u003cbr\u003e\u003cbr\u003eIf it has a `Use this template` button or if, after the name of the repository located on the top side of your screen (in GitHub), it says `Template` or `Public template`, then it is a template.","video":"https://www.youtube.com/watch?v=3vADJs7N3NA","source":"https://4geeks.com/lesson/how-to-start-a-project","source-label":""},{"label":"If it is not a template","description":"If the repository is not a template:\n1. Go to the GitHub repository and click on the `Fork` button.\n2. Set the owner to 4Geeks if you want free Codespaces hours, or use your own user account.\n3. After forking is completed, you will have a copy of the repository under your account (the fork), which you can now modify and work on.\n\nContinue with step 4.","video":"","source":"https://4geeks.com/lesson/how-to-start-a-project","source-label":""},{"label":"If it is a template","description":"If the repository is a template:\n1. Click `Use this template` and select `Create a new repository`.\n2. Choose an owner (select 4Geeks if you're a student for free Codespaces hours).\n3. Name your repository (e.g., `username-project-name`) and make it public.\n4. Click `Create repository from template`.\n5. Star the repository to find it easily later.","video":"","source":"https://4geeks.com/lesson/how-to-start-a-project","source-label":""},{"label":"Open the repository","description":"Follow one of these options to open the repository:\n- **Open in Github Codespaces**: Click the `Code` button and open the project in Codespaces.\n- **Open in Gitpod**: Install the Gitpod extension and use the Gitpod button to open the project.","video":"","source":"https://4geeks.com/lesson/how-to-start-a-project","source-label":""}]},"clone-title":"How to clone a project?","clone-modal":{"title":"Open locally on your computer","need-help":"Need help? Schedule a mentoring session","description":"This exercise can be downloaded and run locally on your computer by following these steps:","select-os":"Select your operating system","intro":{"slug":"intro","label":"Introduction","description":"This guide will walk you through the process of running your project on your computer. Follow these simple steps to set up everything you need and get your project up and running in no time. Let's get started!","video":"https://www.youtube.com/watch?v=P0C0ZXZKLqU","source-label":"","source":""},"agent-vs-code":{"label":"Open the project in VS Code","video":"https://www.youtube.com/watch?v=NgfV30FmhS4","description":"Make sure you have the \u003ca href=\"https://marketplace.visualstudio.com/items?itemName=learn-pack.learnpack-vscode\" target=\"_blank\"\u003eLearnPack extension\u003c/a\u003e installed, open the folder in VSCode and type \u003cspan class=\"highlight-command\"\u003elearnpack start\u003c/span\u003e on your vscode terminal."},"agent-os":{"label":"Open the project without VSCode","description":"Use your computer terminal to get inside your recently created folder and start learnpack: \n```bash\n$ cd {{repoName}}\n$ learnpack start\n```"},"project-readme":{"label":"Read the README.md inside the project","video":"https://www.youtube.com/watch?v=bphlMjXZpLg","description":"Once you open the project in your editor you will find a README.md file containing more instructions on how to run the project"},"os-list":[{"name":"macos","label":"MacOS","logo":"/static/images/apple.png","dependencies":[{"name":"python","label":"Install Python in your computer","description":"You must install Python on your computer to run this project locally. Click on the link below to follow a step-by-step about how to install it.","video":"https://www.youtube.com/watch?v=nhv82tvFfkM","source":"https://4geeks.com/how-to/how-to-install-python","source-label":"How to install Python?"},{"name":"node-js","label":"Install Node JS in your computer","description":"We recommend installing NVM to manage your node.js versions locally much easier, follow this link for a full guide about how to install on MacOS.","video":"https://www.youtube.com/watch?v=BhLFxy6Jz8c","source":"https://4geeks.com/how-to/install-node-nvm-mac-osx","source-label":"How to install NVM on MacOS?"},{"name":"javascript","label":"Install Node JS in your computer","description":"We recommend installing NVM to manage your node.js versions locally much easier, follow this link for a full guide about how to install on MacOS.","video":"https://www.youtube.com/watch?v=BhLFxy6Jz8c","source":"https://4geeks.com/how-to/install-node-nvm-mac-osx","source-label":"How to install NVM on MacOS?"}],"steps":[{"slug":"download-ide","label":"Download a code editor or IDE on your computer","description":"We recommend installing VSCode, which integrates perfectly with most of our interactive tutorials. Follow the link below to download VSCode.","video":"https://storage.googleapis.com/breathecode/videos/installation-wizard/en-mac-install-vscode-.mp4","source-label":"Go to VSCode Download page","source":"https://code.visualstudio.com/download"},{"slug":"create-folders","label":"Create a folder to store your exercises","description":"If you already created a folder to store a previous exercise, we recommend you using it. Otherwise, create a new folder wherever you feel best (inside Documents for example) and open that new folder in your code editor (VSCode or other). From here open the terminal to follow the next steps.","video":"https://storage.googleapis.com/breathecode/videos/installation-wizard/en-mac-organize-your-files.mp4","source":""},{"label":"Install node.js on your computer","description":"We recommend installing NVM to manage your node.js versions locally much easier, follow this link for a full guide about how to install on MacOS.","video":"https://storage.googleapis.com/breathecode/videos/installation-wizard/en-mac-install-nvm.mp4","source":"https://4geeks.com/how-to/install-node-nvm-mac-osx","source-label":"Go to how to install nvm on MacOS"},{"label":"Install LearnPack on your computer","description":"You must install LearnPack to run these exercises interactively on your computer, you should run this command on the terminal: `npm install @learnpack/learnpack -g`. Click the link below to read more about LearnPack","video":"https://storage.googleapis.com/breathecode/videos/installation-wizard/en-mac-install-learnpack.mp4","source":"https://4geeks.com/docs/learnpack/what-is-learnpack"},{"slug":"clone","label":"Clone the project into your computer","description":"On MacOS, you can clone the project into your computer by simply running this command in the terminal: `git clone {{repoUrl}}`. You can check this link if you need a more detailed explanation.","video":"https://storage.googleapis.com/breathecode/videos/installation-wizard/en-mac-cloning-a-project.mp4","source":"https://4geeks.com/how-to/github-clone-repository","source-label":"Go to how to clone a GitHub repository"}],"readme_steps":[{"slug":"read-readme","label":"Read the content of the readme","description":"A README is a standard file that explains, in a simple and clear way, what a project is about. Think of it as a small guide that tells you what it does, how to use it, and what you need to make it work. It's like a welcome letter for anyone who wants to understand or collaborate on the project. We want you to get used to reading them, as they are essential in almost every project in the industry, and all professionals already have the habit of checking them.","video":"","source":"#markdown-body","source-label":"Take me to the readme!"}]},{"name":"linux","label":"Linux","logo":"/static/images/linux.png","dependencies":[{"name":"python","label":"Install Python in your computer","description":"You must install Python on your computer to run this project locally. Click on the link below to follow a step-by-step about how to install it.","video":"https://www.youtube.com/watch?v=IAco2SSuGms","source":"https://4geeks.com/how-to/how-to-install-python","source-label":"How to install Python?"},{"name":"node-js","label":"Install Node JS in your computer","description":"We recommend installing NVM to manage your node.js versions locally much easier, follow this link for a full guide about how to install on MacOS.","video":"https://www.youtube.com/watch?v=z6Tta9ZbbGg","source":"https://4geeks.com/how-to/install-nvm-linux","source-label":"How to install NVM on MacOS?"},{"name":"javascript","label":"Install Node JS in your computer","description":"We recommend installing NVM to manage your node.js versions locally much easier, follow this link for a full guide about how to install on MacOS.","video":"https://www.youtube.com/watch?v=BhLFxy6Jz8c","source":"https://4geeks.com/how-to/install-node-nvm-mac-osx","source-label":"How to install NVM on MacOS?"}],"steps":[{"slug":"download-ide","label":"Download a code editor or IDE on your computer","description":"We recommend installing VSCode, which integrates perfectly with most of our interactive tutorials. Follow the link below to download VSCode.","video":"","source-label":"Go to VSCode Download page","source":"https://code.visualstudio.com/download"},{"label":"Create a folder to store your exercises","description":"If you already created a folder to store a previous exercise, we recommend you using it. Otherwise, create a new folder wherever you feel best (inside Documents for example) and open that new folder in your code editor (VSCode or other). From here open the terminal to follow the next steps.","video":"https://www.youtube.com/watch?v=eZAT6fwMVgY","source":""},{"label":"Install node.js on your computer","description":"We recommend installing NVM to manage your node.js versions locally much easier, follow this link for a full guide about how to install on Linux.","video":"https://www.youtube.com/watch?v=z6Tta9ZbbGg","source":"https://4geeks.com/how-to/install-nvm-linux","source-label":"Go to how to install nvm on Linux"},{"label":"Install LearnPack on your computer","description":"You must install LearnPack to run these exercises interactively on your computer, you should run this command on the terminal: `npm install @learnpack/learnpack -g`. Click the link below to read more about LearnPack","video":"https://www.youtube.com/watch?v=noKAD-d_z3c","source":"https://4geeks.com/docs/learnpack/what-is-learnpack"},{"slug":"clone","label":"Clone the project into your computer","description":"On Linux, you can clone the project into your computer by simply running this command in the terminal: `git clone {{repoUrl}}`. You can check this link if you need a more detailed explanation.","video":"https://www.youtube.com/watch?v=EhxPBMQFCaI","source":"https://4geeks.com/how-to/github-clone-repository","source-label":"Go to how to clone a GitHub repository"}],"readme_steps":[{"slug":"read-readme","label":"Read the content of the readme","description":"A README is a standard file that explains, in a simple and clear way, what a project is about. Think of it as a small guide that tells you what it does, how to use it, and what you need to make it work. It's like a welcome letter for anyone who wants to understand or collaborate on the project. We want you to get used to reading them, as they are essential in almost every project in the industry, and all professionals already have the habit of checking them.","video":"","source":"#markdown-body","source-label":"Take me to the readme!"}]},{"name":"windows","label":"Windows","logo":"/static/images/windows.png","dependencies":[{"name":"python","label":"Install Python in your computer","description":"You must install Python on your computer to run this project locally. Click on the link below to follow a step-by-step about how to install it.","video":"https://www.youtube.com/watch?v=VdafZF-RiXw","source":"https://4geeks.com/how-to/how-to-install-python","source-label":"How to install Python?"},{"name":"node-js","label":"Install Node JS in your computer","description":"We recommend installing NVM to manage your node.js versions locally much easier, follow this link for a full guide about how to install on MacOS.","video":"https://www.youtube.com/watch?v=wF_1lNGUK88","source":"https://4geeks.com/how-to/nvm-install-windows","source-label":"How to install NVM on MacOS?"},{"name":"javascript","label":"Install Node JS in your computer","description":"We recommend installing NVM to manage your node.js versions locally much easier, follow this link for a full guide about how to install on MacOS.","video":"https://www.youtube.com/watch?v=wF_1lNGUK88","source":"https://4geeks.com/how-to/install-node-nvm-mac-osx","source-label":"How to install NVM on MacOS?"}],"steps":[{"slug":"download-ide","label":"Download a code editor or IDE on your computer","description":"We recommend installing VSCode, which integrates perfectly with most of our interactive tutorials. Follow the link below to download VSCode.","video":"https://www.youtube.com/watch?v=KVYDKAelhSQ","source-label":"Go to VSCode Download page","source":"https://code.visualstudio.com/download"},{"label":"Create a folder to store your exercises","description":"If you already created a folder to store a previous exercise, we recommend you using it. Otherwise, create a new folder wherever you feel best (inside Documents for example) and open that new folder in your code editor (VSCode or other). From here open the terminal to follow the next steps.","video":"https://www.youtube.com/watch?v=SinR6Q2k0U8","source":""},{"label":"Install node.js on your computer","description":"We recommend installing NVM to manage your node.js versions locally much easier, follow this link for a full guide about how to install on Windows.","video":"https://www.youtube.com/watch?v=wF_1lNGUK88","source":"https://4geeks.com/how-to/nvm-install-windows","source-label":"Go to how to install nvm on Windows"},{"label":"Install LearnPack on your computer","description":"You must install LearnPack to run these exercises interactively on your computer, you should run this command on the terminal: `npm install @learnpack/learnpack -g`. Click the link below to read more about LearnPack","video":"https://www.youtube.com/watch?v=noKAD-d_z3c","source":"https://4geeks.com/docs/learnpack/what-is-learnpack"},{"label":"Install GIT on your computer","description":"You must install GIT to clone a GitHub repository locally. You must follow the instructions given in the following link.","video":"https://www.youtube.com/watch?v=BSQB-vxFtX0","source":"https://git-scm.com/downloads/win"},{"slug":"clone","label":"Clone the project into your computer","description":"You can clone the project into your computer by simply running this command in the terminal: `git clone {{repoUrl}}`. You can check this link if you need a more detailed explanation.","video":"https://www.youtube.com/watch?v=NgfV30FmhS4","source":"https://4geeks.com/how-to/github-clone-repository","source-label":"Go to how to clone a GitHub repository"}],"readme_steps":[{"slug":"read-readme","label":"Read the content of the readme","description":"A README is a standard file that explains, in a simple and clear way, what a project is about. Think of it as a small guide that tells you what it does, how to use it, and what you need to make it work. It's like a welcome letter for anyone who wants to understand or collaborate on the project. We want you to get used to reading them, as they are essential in almost every project in the industry, and all professionals already have the habit of checking them.","video":"https://www.youtube.com/watch?v=bphlMjXZpLg","source":"#markdown-body","source-label":"Take me to the readme!"}]}]}},"upgrade-plan":{"title":"We are sorry, you don't have enough privileges to access this block of content, please signup or upgrade your plan to access it.","button":"Upgrade plan"},"asset-type-pronouns":{"lesson":"This lesson","exercise":"This exercise","project":"This project","quiz":"This quiz"},"subtasks":{"title":"{{asset_type}} has {{count}} tasks","description":"To take advantage of this lesson better, look for the checkboxes and mark them as completed as you progress."},"related-courses":"Courses related to this article","average-duration":"Average duration","load-more":"Load more","teachers":"Teachers","teacher":"Teacher","student":"Student","reviewer":"Reviewer","assistant":"Assistant","member":"Member","upload":"Upload","cancel":"Cancel","uploading":"Uploading","and":"and","junior":"Junior","mid-level":"Mid level","senior":"Senior","money-back-guarantee":"Get a full refund within 30 days if it's not what you expected","money-back-guarantee-short":"100% Money back guarantee","money-back-guarantee-with-link":"\u003ca style=\"color: inherit; text-decoration: underline;\" target=\"_blank\" href=\"https://4geeks.com/money-back-guarantee-self-paced\"\u003e100% Money back guarantee\u003c/a\u003e","money-back-guarantee-conditions-link":"Check the \u003ca style=\"color: inherit; text-decoration: underline;\" target=\"_blank\" href=\"https://4geeks.com/money-back-guarantee-self-paced\"\u003emoney back guarantee conditions\u003c/a\u003e","money-back-guarantee-no-link":"100% Money back guarantee","start-free-trial":"Start free trial","proceed-to-payment":"Proceed to payment","select-cohort":"Select a cohort","select-all":"Select all","each":"each","payment":{"pay-per-year":"Pay {{value}} year","pay-per-quarter":"Pay {{value}} quarter","pay-per-month":"Pay {{value}} month","pay-per-half":"Pay {{value}} half"},"upgrade":"Upgrade","go-back":"Go back","go-back-option":"Select other option","go-back-os":"Select other operating system","modal-tech-title":"{{technology}}","modal-tech-description":"By entering your data you will unlock the interactive content of \"{{title}}\" and many more","coming-soon":"Coming soon","option-open-locally":"Open locally on your computer","option-provisioning-vendors":"Open on the cloud (recommended)","option-readme":"Readme only","choose-one-option":"Choose one of these options","choose-one-description":"You can choose one of the following options to start your project.","validators":{"owner_name-required":"Owner name is required","owner_name-min":"Owner name is too short","card_number-required":"Card number is required","exp-required":"Expiration date is required","cvc-required":"CVC is required","short-input":"Too Short!","long-input":"Too Long!","long-file":"File is too large","unsupported-image-file":"Unsupported image file","first-name-required":"First name is required","last-name-required":"Last name is required","phone-required":"Phone number is required","invalid-phone":"Please specify a valid phone number","invalid-email":"Invalid email","email-required":"Email is required","confirm-email-required":"Confirm Email is required","confirm-email-not-match":"Emails don't match","geeks-members-max":"The maximum number of members is {{value}}","geeks-members-min":"The minimum number of members is {{value}}","geeks-members-required":"There must be at least one member","description-required":"Description is required","one-line-description-required":"Provide a one line description.","project-name-error":"Please provide a project name.","invalid-url":"Invalid URL, expected link must contain: {{url}}","repo-url-required":"Repository URL is required","github-url-required":"Github URL is required"},"live-event":{"title":"Live classes, coding sessions, workshops and hangouts every few hours.","readMoreUrl":"https://4geeks.com/docs/knowledge-base-4geeks/live-events-workshops-and-classes"},"upcoming-workshops":"Upcoming workshops","workshop":"Workshop","submit-project":"Submit project","uploadScreenshot":"Upload screenshot","continue-learning-course":"Continue learning for free about:","logout-and-switch-user":"Logout and switch user","free":"Free","login":"Login","terms-and-conditions":"Terms and conditions","terms-and-conditions-link":"/terms-and-conditions","privacy-policy":"Privacy policy","privacy-policy-link":"/privacy-policy","bootcamp":{"planType":"bootcamp","type":"Unlimited Experience","period_label":"","title":"Bootcamp Program","description":"Fast track your career change with a Bootcamp","ask":"Ask for pricing","button":"Request More Info","button_link":"https://4geeksacademy.com/programs","subtitle":"Bootcamp Program","sub-description":"Join a cohort in a live classroom environment and  unlimited support until you find a job.","service_items":{"title":"Everything on Live \u0026 with Feedback plus...","items":[{"label":"Unlimited live workshops "},{"label":"Unlimited one-on-one mentoring sessions"},{"label":"Unlimited group mentoring sessions"}]},"featured_info":[{"service":{"slug":"live-classes","title":"Live classes","icon":"onlinePeople"},"features":[{"description":"Take part of a group of students learning together with a teacher on weekly live classes."}]},{"service":{"slug":"carrer-support","title":"Career support","icon":"support"},"features":[{"description":"Get feedback on your resume, LinkedIn and other online profiles, and access our vast hiring partner network, internship opportunities and more."}]},{"service":{"slug":"job-guarantee","title":"Job guarantee*","icon":"briefcase"},"features":[{"description":"Get a job within 6 months upon graduation or get money back; \u003ca style=\"color: #0097CD;\" target=\"__blank\" href='https://storage.googleapis.com/4geeks-academy-website/PDF%20and%20Docs/Conditions%20Job%20Guaranteed%20Program.pdf'\u003econditions apply.\u003c/a\u003e"}]},{"service":{"slug":"certified-by-us","title":"Certified by U.S. FL Dep. of Education","icon":"certificate"},"features":[{"description":"Our bootcamp certificates have a badge certified by the US Florida Dep. of Education."}]},{"service":{"slug":"access-to-premium-community","title":"Access to premium community","icon":"crown"},"features":[{"description":"Our premium community gives you access to office space worldwide, events inside partner companies and employers, job fairs, networking events, an exclusive slack channel, and more perks."}]},{"service":{"slug":"office-space-world-wide","title":"Office space world-wide","icon":"office"},"features":[{"description":"Get access to office space world-wide."}]}]},"hrs-average":"{{number}}hrs average","service-blocked":"You were blocked from accessing this service. Send an email to support@4geeks.com or talk to your teacher to get access."},"navbar":{"login":"Login","get-started":"Get Started","logout":"Logout","language":"Language","my-profile":"My Profile","course-details":"Course details","upgrade-experience":"Upgrade Experience","member-since":"Member since {{date}}","items":[{"label":"Dashboard","private":true,"href":"/choose-program"},{"id":"bootcamps","label":"Learn","bgColor":"#F3FAFE","titleColor":"#0084FF","description":"Change your life/career, get into tech and be free.","mainMenu":[{"label":"Change your life with a bootcamp","id":"bootcamp-options","description":"Transition into a tech careers, with unlimited mentorship and support for life. It equips you with the skills needed to tackle real-world challenges and connects you with industry opportunities.","subMenu":[{"href":"https://4geeksacademy.com/us/coding-bootcamps/part-time-full-stack-developer","label":"Full stack development"},{"href":"https://4geeksacademy.com/us/coding-bootcamps/datascience-machine-learning","label":"Data science \u0026 machine learning"},{"href":"https://4geeksacademy.com/us/coding-bootcamps/cybersecurity","label":"Cybersecurity"}]},{"label":"Gain new skills at your own pace","id":"self-paced-options","description":"Access hundreds of exercises, projects to develop and courses in the most wanted technologies","subMenu":[{"type":"header","label":"Free Resources"},{"href":"/interactive-exercises","label":"Start Practicing with challenges"},{"href":"/interactive-coding-tutorials","label":"Build Projects on any technology"},{"href":"/how-to","label":"How to's?"},{"href":"/lessons","label":"Read \u0026 watch"}]}],"position":1},{"id":"career-booster","label":"Career Booster","bgColor":"#FFE7CC","titleColor":"#FF8800","private":false,"description":"Stop sending resumes that don't take you anywhere. In Beyond The Resume, we take you to the next level with personalized services and experts for your CV, LinkedIn profile, and interviews. More than a resume, your passport to professional success.","mainMenu":[{"label":"","id":"career-booster","description":"","subMenu":[{"href":"/beyond-the-resume","label":"Beyond the resume"}]}],"position":2},{"id":"workforce-development","label":"Build your workforce","bgColor":"#FFF4DC","titleColor":"#FFB718","description":"Connect people and companies through learning, talent, and training programs tailored to real market needs. Whether you're building your team or your future, this is where potential meets opportunity.","mainMenu":[{"label":"","id":"workforce-development","description":"","subMenu":[{"href":"https://www.4geeks.works/apprenticeship-landing","label":"Apprenticeship"},{"href":"https://www.4geeks.works/hire-early-talent","label":"Find and hire talent"},{"href":"https://www.4geeks.works/copia-de-apprenticeship","label":"Upskilling your team"}]}],"position":3},{"id":"live","label":"Live","bgColor":"#DFFFE8","titleColor":"#06AB52","description":"Join us for our free workshops, webinars, and other events to learn more about our programs and get started on your journey to becoming a developer.","mainMenu":[{"label":"","id":"workforce-development","description":"","subMenu":[{"href":"/workshops","label":"Live events"},{"href":"/podcast","label":"Podcasts"}]}],"position":4}],"white-label-version-items":[{"label":"Dashboard","private":true,"href":"/choose-program"},{"label":"More ways of learning","private":true,"icon":"4GeeksIcon","image":"/static/images/4geeks.png","description":"Miami Tech Works is part of 4Geeks learning community. Go to 4Geeks.com for more interactive lessons, workshops, mentorhips, and learning with AI.","with_popover":{"active":true,"title":"Take me to 4Geeks.com","link":"https://4geeks.com"},"subMenu":[]}],"languages":[{"label":"English","value":"en"},{"label":"Spanish","value":"es"}]},"footer":{"copyright":"©{{name}} LLC {{year}}","search":"Search in 4Geeks","subscribe":"Subscribe for more!","recaptcha":"This site is protected by reCAPTCHA and the Google \u003ca href=\"https://policies.google.com/privacy\"\u003ePrivacy Policy\u003c/a\u003e and \u003ca href=\"https://policies.google.com/terms\"\u003eTerms of Service\u003c/a\u003e apply.","newsletter":{"success":"Amazing! You have successfully joined, stay tuned for upcoming information soon 😁","error":"Something went wrong"},"newsletterSucces":"Amazing! You have successfully joined, stay tuned for upcoming information soon 😁","terms":{"label":"Terms \u0026 Conditions","href":"/terms-and-conditions"},"code-of-conduct":{"label":"Code of conduct","href":"/code-of-conduct-and-ethic"},"privacy":{"label":"Privacy Policy","href":"/privacy-policy"},"company":{"title":"COMPANY","items":[{"label":"ABOUT US","href":"/about-us"},{"label":"CONTACT","href":"mailto:info@4geeks.com"},{"label":"MEDIA KIT","href":"https://www.figma.com/file/bCFnyXv8xazLofCUkXYeAb/BrandBook-2023?type=design\u0026node-id=117%3A0\u0026mode=design\u0026t=n39Qew2PgkSBrxzF-1"}]},"learning":{"title":"LEARNING LIBRARY","items":[{"label":"Read and watch","href":"/lessons"},{"label":"Practice interactively","href":"/interactive-exercises"},{"label":"Build projects","href":"/interactive-coding-tutorials"},{"label":"how to’s?","href":"/how-to"},{"label":"Knowledge Base","href":"/docs/knowledge-base-4geeks"}]},"community":{"title":"4GEEKS COMMUNITY","items":[{"label":"Workshops and events","href":"/workshops"},{"label":"Live Mentorships","href":"/mentorships"},{"label":"Social \u0026 Live Learning","href":"/docs/knowledge-base-4geeks/live-events-workshops-and-classes"},{"label":"Code of conduct","href":"/code-of-conduct-and-ethic"}]},"social":{"title":"SOCIAL \u0026 LIVE LEARNING","text":"The most efficient way to learn: Join a cohort with classmates like yourself, live streamings, coding jam sessions, live mentorships with real experts and keep the motivation."},"iconogram":[{"title":"Start coding using Javascript","icon":"javascript","text":"Get started in coding with the world's most popular language. Build your first projects with an Excuse Generator, Domain name finder, and more than 300 exercises.","href":"/bootcamp/start-coding-using-javascript"},{"title":"Full Stack Coding Bootcamp","icon":"coding","text":"Become a Full Stack software developer using Python, React and Javascript. The most in-demand skills. Find a job as a developer.","href":"/bootcamp/full-stack-development"},{"title":"Deep Dive into Python","icon":"python","text":"Get started in coding with the world's most popular language. Build your first projects and practice with more than 300 exercises.","href":"/bootcamp/deep-dive-into-python"},{"title":"Data Science and ML","icon":"machine-learning","text":"Learn Python to collect and manage data. Create models and solve problems using Machine Learning, Deep Learning, and AI.","href":"/bootcamp/data-science-and-ml"}]},"alert-message":{"error-fetching-students-and-teachers":"Error fetching students and teachers","error-fetching-students":"Error fetching students","error-fetching-final-projects":"Error fetching final projects","error-updating-final-project":"Error updating final project","success-updating-final-projects":"Final project updated succesfully!","content-not-found":"The endpoint could not access any content of this {{lesson}}","content-not-found2":"The endpoint could not access any content of this {{lesson}}","default-version-not-found":"Default version could not access any content of this {{lesson}}","invalid-cohort-slug":"Invalid cohort slug","finantial-late":"You have pending payments, you will be able to access the program once you pay them","error-fetching-syllabus":"There was a problem while fetching the syllabus data","no-cohort-modules-found":"No cohort modules found, first choose a valid cohort","language-not-found":"Data for language \"{{currentLanguageLabel}}\" not found, showing the english version","task-cant-sync-with-cohort":"Some Tasks cannot sync with current cohort","unsynced-tasks-removed":"Unsynced tasks successfully removed!","unsynced-tasks-cant-be-removed":"Some Tasks cannot be removed","access-denied":"You currently don't have access to this program. If you believe this is a mistake, please contact support for assistance.","attendancy-reported":"The Attendance has been reported","attendancy-report-error":"There was an error reporting the attendance","error-getting-previous-attendance":"There was an error getting the previous attendance","attenadance-already-taken":"Attendance for day {{count}} has already been taken","welcome":"Welcome to 4Geeks","select-program":"Choose a program","account-not-found":"Sorry, we couldn't find an account with the provided credentials","added-to-waiting-list":"Your email has been added to our list!","email-already-subscribed":"Your email is already subscribed!","assignment-updated":"Your assignment has been updated successfully","assignment-update-error":"There was an error updating your assignment","delivery-success":"Your project has been delivered successfully","delivery-link":"Link: {{url}} has been delivered successfully","delivery-removed":"Your project delivery has been removed successfully","delivery-error":"There was an error delivering your project","module-started":"Module {{title}} started successfully","module-start-error":"Something went wrong while starting module","module-sync-success":"Module synced successfully","module-sync-error":"There was an error synchronizing the module","invitation-accepted-cohort":"Cohort {{cohortName}} successfully accepted!","invitation-accepted":"Invitation successfully accepted!","invitation-error":"There was an error trying to accept the invitation","request-apply-success":"¡Gracias por tu solicitud!","email-will-be-sent":"An email will be sent to you shortly","error-fetching-role":"There was an error trying to find the role \"{{role}}\"","error-fetching-cohorts":"There was an error fetching the cohorts","error-fetching-personal-cohorts":"There was an error fetching your personal cohorts","error-fetching-tasks":"There was an error fetching tasks","error-fetching-alumni-geeks":"Error fetching Alumni Geeks","github-account-removed":"Your Github account has been successfully removed","error-removing-github":"There was an error trying to remove your GitHub account","any-removed":"{{any}} removed!","something-went-wrong":"Something went wrong","something-went-wrong-with":"Something went wrong with {{property}}","something-went-wrong-fetching-cohorts":"Something went wrong fetching available Cohorts","review-url-error":"Something went wrong getting the task URL","review-assignment-error":"Something went wrong when modifying the task","review-assignment-approve":"Task approved successfully","review-assignment-updated":"Task updated successfully","review-assignment-reject":"Task rejected successfully","review-assignment-ignored-task":"Task ignored successfully","error-submitting-picture":"There was an error trying to upload the image","submitting-picture-success":"Profile picture updated!","file-type-error":"File type {{type}} is not allowed to be uploaded","no-cohorts-found":"No cohorts found","google-maps-no-coincidences":"Google Maps: No matches found for the address entered","cohort-not-found":"The specified cohort was not found","files-uploaded":"Files succesfully uploaded","current-task-no-files":"The current task does not have any files","error-fetching-activities":"There was an error fetching activities","error-updating-day-and-modules":"There was an error updating the selected day and module","card-error":"There was an error processing your card","card-error-description":"Please check your card information and try again","something-went-wrong-choosing-date":"Something went wrong choosing the date","payment-error":"There was an error processing your payment","no-access-to-cohort":"You do not belong or do not have access to see the attendance of this cohort","no-attendance-list-found":"No attendance list found","error-mentorship-service":"There was an error loading the mentorship services","error-finding-mentors":"Something went wrong while looking for mentors for this service","no-link-exist":"There is no link for this event yet","no-plan-configuration":"The plan configuration you are trying to get does not exist","error-getting-offer":"Sorry, we couldn't get the plan offer.","error-getting-plan":"Sorry, we couldn't get the plan.","event-access-error":"You dont have access to apply for this event","error-event-already-started":"You cannot reserve a spot for this event because it has already started.","success-event-reservation":"You have successfully reserved a spot for this event.","error-creating-code-review":"Something went wrong creating the code review","error-ai-chat":"Something went wrong opening the AI Chat"},"share":{"title":"Share your progress","share-via":"Share your progress via:","message":"Sharing your progress publicly not only make you feel better, but your friends, family, and recruiters will recognize your progress; you will also rank higher on social media platforms, and help you build up on your personal branding. \u003ca class='link' target='_blank' rel='noopener noreferrer' href='/lesson/learn-in-public'\u003eRead more about the benefits of learning in public.\u003c/a\u003e","button-text":"Share","copy-link":"Copy Link"},"live-event":{"title":"Live clases, coding sessions, workshops and hangouts every few hours.","learn-more":"Learn more","upcoming-events":"Upcoming events","live-class":"Upcoming Live Class","start-class":"Start Live Class","join-class":"Join Live Class","no-live-class":"No live events scheduled today","started":"Started {{time}} ago","ended":"Ended {{time}} ago","few-seconds":"a few seconds","invalid-date":"Any moment","will-start":"Starts in {{time}}","start-hours":"{{time}} hours","start-hour":"{{time}} hour","start-months":"{{time}} months","start-month":"{{time}} month","start-days":"{{time}} days","start-day":"{{time}} day","start-minutes":"{{time}} minutes","start-minute":"{{time}} minute","upcoming":"Other upcoming live events","other-live-events-now":"Other events happening now","inactive-event":"This event is not live yet","no-access":"You do not have access to this event","live-now":"Live Now!","master-class":"Master Class","workshop":"Workshop","will-start-soon":"Will start soon","time-duration":"{{time}} duration","join-event":"Join now","join-workshop":"Join workshop","book-place":"Book your place","filters":{"language":"Language","event-type":"Event Type"},"minute_one":"{{count}} minute","minute_other":"{{count}} minutes","day_one":"{{count}} day","day_other":"{{count}} days","students-worked-here":"+{{count}} students worked in this file","watch-recording":"Watch recording","event-details":"See event details","register-workshop":"See more"},"call-to-action":{"call-to-actions":[{"component":"WeeklyCodingChallenge","asset_type":["lesson","project","exercise","article"],"asset_id":[],"asset_technologies":[],"content":{"icon_url":"https://storage.googleapis.com/breathecode/logos-technologias/weekly-coding-challenge-bg.png","title":"Weekly Coding Challenge","description":"Every week, we pick a real-life project to build your portfolio and get ready for a job. All projects are built with ChatGPT as co-pilot!","button_label":"Start the Challenge","internal_cta_placement":"SideWeeklyCodingChallenge","forward_url":"https://4geeks.com/weekly-coding-challenge","ad_type":"weekly_coding_challenge"}}],"podcast-call-to-action":{"component":"WeeklyCodingChallenge","asset_type":[],"asset_id":[],"asset_technologies":[],"content":{"icon_url":"https://storage.googleapis.com/breathecode/logos-technologias/microphone_icon.png","title":"Podcast: Code Sets You Free","description":"A tech-culture podcast where you learn to fight the enemies that blocks your way to become a successful professional in tech.","button_label":"Listen the podcast","internal_cta_placement":"side","forward_url":"https://4geeks.com/podcast","ad_type":"podcast"}}},"code-viewer":{"run":"Run","preview":"Preview","result":"Result","terminal":"Terminal","loading-output":"The terminal will show the computer output after running your code","error":"Something went wrong!","log-in-modal":{"title":"Login first","text":"In order to compile the code you have to login or create an account for FREE","login":"Login","signup":"Sign up"}},"program-card":{"few-seconds":"a few seconds","today":"Expires today","enroll-now":"Enroll now","starting-today":"Less than an hour","started":"Already Started","left":"left ","non-left":"No days left","starts-in":"Starts in:","started-in":"Started:","lessons":"Lessons","exercises":"Exercises","projects":"Projects","quizzes":"Quizzes","mentors-available":"mentors available","continue":"Continue to lesson","continue-course":"Continue course","start-course":"Start Course","free-trial":"Free Trial","upgrade":"Upgrade","status":{"free_trial":"Free trial","fully_paid":"Fully paid","payment_issue":"Payment issue","active":"Active","expired":"Expired","cancelled":"Cancelled","completed":"Completed","error":"Error"},"prework-message":"You will have access to this cohort as soon as it starts!","learn-more":"Learn more","action-required":"Action required","see-more":"See more","see-less":"See less"},"final-project":{"congratulations":"Congratulations!","graduated-as":"You have graduated succesfully as a:","see-my-certificate":"See my certificate","what-do-you-need-to-graduate":"What do you need to graduate?","review-final-projects":"Review final projects","almost-there":"Almost there! You are on the last sprint before graduation, please make sure to complete the following activities:","almost-there-teacher":"We are almost there! Make sure students submit their projects ASAP. Click on the following button to review them.","edit-final-project":"Edit final project info","list-projects":"List projects","add-final-project":"Add final project info","completed":"Completed","complete-required-projects":"Complete required projects","modal":{"title":"It's final project time!!!","subtitle":"Congratulations on reaching this phase of the program.","description":"We are still learning a lot but this last project will become something to showcase to friends and potential employers.","bullets":["\u003ca class='link' href='https://4geeks.com/docs/knowledge-base-4geeks/why-build-a-final-project' target='blank' rel='noopener noreferrer'\u003eWhy build a final project?\u003c/a\u003e","\u003ca class='link' href='https://4geeks.com/docs/knowledge-base-4geeks/pick-your-capstone-project' target='blank' rel='noopener noreferrer'\u003eHow to pick your final project topic?\u003c/a\u003e"],"button":"Upload final project"},"modal-form":{"title":"Final project","project-name":"Project name","one-line-description":"One line description","description":"Description","github-url":"Github URL","repository-url":"Repository URL","slides-url":"Slides URL","repository-hint":"Please provide the repository URL for this project.","upload-screenshot":"Upload screenshot","screenshot-hint":"Your home page or animated gif using the project.","add-participants":"Add participants","participants-hint":"Each student taking place in this project.","button":"Submit final project","no-students":"No other students have been found on this cohort, you cannot add any members to this project","confirmation":{"title":"Are you sure?","text":"If you remove yourself from this project, you won't have access to it, and your teammates will have to add you again to regain access.","confirm":"Remove","cancel":"Cancel"},"warning-modal":{"title":"Please add someone else to the project if you want to remove yourself.","close":"Close"}}},"profile":{"seo":{"title":"Profile"},"splitting-file":"Preparing your image... almost there!","uploading-chunks":"Uploading in style... hang tight!","finalizing-upload":"Putting the final touches... just a moment!","ready-upload":"Almost ready!","basic-profile-info":"Basic Profile Information","my-certificates":"My Certificates","view-certificate":"View certificate","my-subscriptions":"My Subscriptions","no-certificates":"There are no certificates to show yet, finish your final project and get it immediately","remove":"Remove","profile-updated":"Profile Updated","update-failed":"Something went wrong updating your profile","connect-github":"Connect with GitHub","connect-google":"Connect with Google","connected-with-google":"Connected with Google","connect-rigobot":"Connect with Rigo AI","connected-with-rigobot":"You are connected to Rigo AI","rigobot-requires-github-connection":"You must sync with GitHub to use Rigobot","save-changes":"Save changes","learn-at-your-pace":"Learn at your own pace","certificate-preview-not-available":"Certificate Preview Not Available","tabList":[{"title":"Basic Profile Info","value":"info","disabled":false},{"title":"My certificates","value":"certificates","disabled":false},{"title":"Subscriptions","value":"subscriptions","disabled":false}],"remove-github-modal":{"title":"Remove Github account","description":"By removing your Github account, any Github login will be unlinked; however, you will be able to sync it again, if you wish"},"remove-google-modal":{"title":"Remove Google account","description":"By removing your Google account, any Google login will be unlinked; however, you will be able to sync it again, if you wish"},"share-certificate":{"title":"Share your new career title","shareText":"Share your new certificate via:","shareMessage":"I have successfully finished the \"{{profession}}\" certification at 4Geeks"},"update-profile-image":{"tooltip-label":"Upload your profile image","title":"Upload your profile image","submit-button":"Update profile picture"},"subscription":{"totally-paid":"Total paid: You've paid the full amount of the plan of {{currencySymbol}}{{amount}}.","error-message":"Error message: {{error}}","total-paid":"Total paid to the date: {{currencySymbol}}{{paidAmount}}/{{currencySymbol}}{{pendingAmount}}","expiration-date":"Expiration date: {{date}}","expired-on":"Your plan expired on: {{date}}","active-since":"Active subscription since: {{date}}","what-you-will-get":"What you will get:","bootcamp-mentorships":"You have unlimited access to those mentorship services with this icon ∞ because you belong to the bootcamp","mentoring-available":"Mentoring sessions available","rigo-available":"Rigobot consumables","your-mentoring-available":"Your mentoring services available","workshop-available":"Workshop sessions available","your-workshop-available":"Your workshop sessions available","see-details":"See details","next-payment-with-price":"Next payment: {{currencySymbol}}{{amount}} on {{date}}","next-payment":"Next payment on {{date}}","last-payment":"Last payment on {{date}}","duration":"Duration: {{duration}}","renewal":"Renewal: {{renewal}}","renewable":"Renewal: Renewable","not-renewable":"Renewal: Not renewable","payment":"Payment: {{payment}}","many-payments-left":"Payment: {{qty}} payments left","no-payment-left":"Payment: No payments left","renewal-date":"Renewal date: {{date}}","yearly-savings":"You are saving {{months}} months","charged":"Charged","yearly-savings-singular":"You are saving {{months}} month","payment_unit":{"month":"Monthly","year":"Yearly","anual":"Yearly"},"payment_unit_short":{"month":"mo","year":"yr","anual":"yr"},"renewal-date-unknown":"Renewal date: Unknown","payment-trial":"Payment: Trial","payment-free":"Payment: Free","renewal-date-cancelled":"Renewal date: Cancelled","discount":"{{discount}} OFF","status":{"free_trial":"Free trial","fully_paid":"Fully paid","payment_issue":"Payment issue","active":"Active","expired":"Expired","cancelled":"Cancelled","completed":"Completed","error":"Error"},"cancel":"Cancel subscription","upgrade":"Upgrade subscription","upgrade-plan":"Upgrade financing plan","payment-up-to-date":"Payments are up to date","reactivate-subscription":"Reactivate subscription","contact-support":"Chat with support","manage-subscription":"Manage subscription","duration-cancelled":"Duration: Cancelled","cancel-modal":{"title":"Cancel subscription","description":"Are you sure you want to cancel your subscription to {{cohort}}","closeText":"No, go back","handlerText":"Yes, confirm"}},"monthly":"Monthly","half-year":"Half year","quarterly":"Quarterly","yearly":"Yearly","day":"day","days":"days","and":"and","hours":"hours","months":"months","month":"month","expired":"Expired","no-subscriptions":"There are no subscriptions to show yet, subscribe to a cohort and get it immediately","referral-program":"Referral Program","referral-coupon":"Your Referral Coupon","copy-coupon":"Copy Coupon","coupon-copied":"Coupon copied to clipboard!","how-it-works":"How it works:","referral-step-1":"1. Share your coupon code with friends and family","referral-step-2":"2. When someone uses your coupon and makes a payment for self-paced programs on 4Geeks.com, you'll get a 10% discount on your next payment","referral-step-3":"3. The more people use your coupon, the more discounts you'll receive!","referral-step-4":"4. This referral program only applies to self-paced programs at 4Geeks.com"},"login":{"seo":{"title":"Sign in to 4Geeks","description":"Sign in to 4Geeks and enjoy all the features we offer.","keywords":["login to 4Geeks","login","register","create account"]},"login-with-github":"Log in with Github","login-with-google":"Log in with Google","or":"or","password":"Password","confirm-password":"Confirm Password","forgot-password":"Forgot password?","welcome":"Welcome back {{email}}!","next":"Next","not-you":"Not you?","email-not-found":"We could not find an account with this email","email-not-validated":"You need to validate your email first,","validation-link":"resend validation email","invitation-message":"The validation email has been sent to your email, please follow the instructions in the email. If you can't find it, check the spam folder","invitation-sended":"The invitation was resent! Check your inbox","invitation-error":"Something went wrong sending the invitation","login":"Log in","register":"Register","google-error":{"title":"Account Not Found","description":"No account found with this email. You have to register an account first."}},"signup":{"seo":{"title":"SignUp","description":"Sign up for a free account to get started with programming with 4Geeks","keywords":["4Geeks signup","Signup"],"image":"{{domain}}/static/images/4geeks.png"},"welcome-to":"Welcome to:","checkout":{"title":"Code will set you free","description":"The path to professional freedom is highly mentored, live and together.","read-more":"Read the science behind it.","read-more-link":"https://4geeks.com/mastering-technical-knowledge"},"free_trial_one_payment":"{{description}} and then {{currency}}{{price}} one time","free_trial_multiple_payments":"{{description}} and then {{numPayments}} payments of {{currency}}{{firstPrice}} or {{currency}}{{oneTimePrice}} one time","free_trial_monthly_payment":"{{description}} and then {{currency}}{{monthlyPrice}}/mo","free_trial_yearly_payment":"{{description}} and then {{currency}}{{yearlyPrice}}/year","free_plan":"Totally free","limited_time_offer":"(limited time offer)","added-features-title":"+ You can also add","fixed-price-disclaimer":"Fixed price discounts will only be applied to the first month when financed for more than one month. Percentage discounts will be applied to all months.","total":"Total","total-now":"Total now","after-all-payments":"After all payments","secure-checkout":"Guaranteed \u003cstrong\u003esafe \u0026 secure\u003c/strong\u003e checkout","coupon-offer":"{{slug}}: {{value}} off","discount-value-off":"{{value}} Off","add":"Add","you-are-getting":"You are getting","plan-is-ready":"You're almost ready! To finish, press the blue button below that says 'Start Learning'.","payment-success":"Payment successful","payment-failed":"Payment failed","discount-applied":"Discount applied","see-financing-opt":"See financing options","course-details":"Plan details","one_payment_description":"Access hundreds of exercises, projects tutorials to develop and courses in the most wanted technologies","monthly_payment_description":"Access hundreds of exercises, projects tutorials to develop and courses in the most wanted technologies","quarterly_payment_description":"Access hundreds of exercises, projects tutorials to develop and courses in the most wanted technologies","half_yearly_payment_description":"Access hundreds of exercises, projects tutorials to develop and courses in the most wanted technologies","yearly_payment_description":"Access hundreds of exercises, projects tutorials to develop and courses in the most wanted technologies","financing_many_months_description":"You will pay {{currency}}{{monthly_price}} for {{many_months}} months and get access hundreds of exercises, projects tutorials to develop and courses in the most wanted technologies","connector_duration_trial":"trial","what-includes":"What includes?","continue-learning":"Continue learning","switch-user-connector":"You are not {{name}}?","in-waiting-list-title":"You are in out waiting list","signup-thanks-text":"Thanks for signing up to try 4Geeks. We'll be in touch when your seat is ready","subscriptions":"Subscriptions","go-back":"Go back","next-step":"Next step","create-account":"Create account","payment-info":"Payment information","payment-methods":"Payment methods","click-here":"Click here to open","select-payment-plan":"Select your payment plan:","what-you-will-get":"What you will get:","contact-information":"Contact information","choose-your-class":"Choose your class","summary":"Summary","payment":"Complete purchase","card-number":"Card number","owner-name":"Owner name","expiration-date":"Expiration date","cvc":"CVC","about-you":"About you","your-address":"Give us your address to find your new class","available-dates":"Available dates","search-dates":"Search dates","addres-info":"We are not storing your address, but we will use this information to offer the best possible dates and schedules to study.","validating-email":"We are validating your email...","email-validated":"Nice email!","email-info":"We will use it to give you access to your account.","phone-info":"We will contact you via phone call only if necessary. (optional)","already-adquired-plan-title":"You already acquired this plan","already-adquired-plan-description":"You've had already acquired this plan before, you can't buy it again. Click below to see your subscriptions.","choose-date":"Choose date","cohort-details":"Cohort Details","cohort-name":"Cohort Name","start-date":"Start date","days-and-hours":"Days and hours","profile-details":"Profile Details","your-name":"Your name","phone-number":"Phone number","email":"Email","address":"Where do you live?","signing-for":"You are signing up for","getting-for":"You are getting","already-have-account":"Already have an account?","no-have-account":"You don't have an account?","login-here":"Login here.","register-here":"Register here.","start-free-course":"Start Learning","free":"Free","totally_free":"Totally free","free_trial":"Free trial","monthly_payment":"Monthly payment","quarterly_payment":"Quarterly payment","half_yearly_payment":"Half yearly payment","yearly_payment":"Yearly payment","one_payment":"One payment","many_months_payment":"{{qty}} months payment","our_plans":"Our plans","discount":"{{discount}} OFF","try-again":"Try again","coupon-error":"This coupon is not valid or it has expired","learn-at-your-pace":"Learn at your pace","yearly-savings":"Save {{months}} months","yearly-savings-singular":"Save {{months}} month","payment_unit":{"month":"Monthly","year":"Yearly","anual":"Anual"},"payment_unit_short":{"month":"mo","year":"yr","anual":"yr"},"join-cohort":{"cta":{"lesson":"Join cohort to get access to this lesson","exercise":"Join cohort to get access to this exercise","project":"Join cohort to get access to this project","generic":"Join cohort to get access to this {{type}}"},"description":"Click the button below to join the cohort and access the program's content.","button":"Join cohort"},"transaction-denied":"Transaction denied","payment-not-processed":"Payment could not be processed","card-declined":"The card was declined, please try again with another card or contact your bank","payment-error":"An unexpected error occurred during the payment process, please contact support","info":{"this-plan-includes":"This plan includes","will-pay-monthly":"You will pay ${{price}} dollars {{qty_months}} times, for a total of ${{total_amount}}. The first payment will be today and the next payment will be {{next_month}}.","will-pay-month":"You will pay ${{price}} dollars {{qty_months}} times, for a total of ${{total_amount}}.","will-pay-now":"You will pay ${{price} right now, no other charges apply in the future.","will-pay-per-month":"You will subscribe and pay ${{price}} dollars every month","will-pay-per-quarter":"You will subscribe and pay ${{price}} dollars every quarter","will-pay-per-half-year":"You will subscribe and pay ${{price}} dollars every half year","will-pay-per-year":"You will subscribe and pay ${{price}} dollars every year","enroll-monthly-subscription":"Starting from {{price}}/month","enroll-quarterly-subscription":"Starting from {{price}}/month","enroll-half-year-subscription":"Starting from {{price}}/month","enroll-yearly-subscription":"Starting from {{price}}/month","free":"Totally free","free-trial-period":"Free trial for {{qty}} {{period}}","trial":"Trial for 1 month","trial-week":"Trial for 1 week","monthly":"per month","per-month":"/month","one-time-payment":"one-time payment","one-time-connector":"One-time payment of ${{value}} dollars","installments":"Installments","quarterly":"Quarterly","half-yearly":"Half yearly","yearly":"per month","financing":"Financing"},"validators":{"owner_name-required":"Owner name is required","owner_name-min":"Owner name is too short","card_number-required":"Card number is required","exp-required":"Expiration date is required","exp-min":"Please specify a valid expiration date","cvc-required":"CVC is required","short-input":"Too Short!","long-input":"Too Long!","first-name-required":"First name is required","last-name-required":"Last name is required","phone-required":"Phone number is required","invalid-phone":"Please specify a valid phone number","invalid-email":"Invalid email","email-required":"Email is required","confirm-email-required":"Confirm Email is required","confirm-email-not-match":"Emails don't match","receive-information":"I agree to receive information in my email, WhatsApp, and/or other channels about coding workshops, events, courses, and other marketing materials. We'll never share your contact information and you can easily opt out at any moment. "},"no-date-available":"We currently have no dates available for the location entered","agree-terms-and-conditions":"By signing up, you agree to the","alert-message":{"title":"Already a member?","description":"It seems that you already have an account in 4geeks.com","click-here-to-login":"click here to login now","or-click-here":"or click here on","message3":"forgot password to get a new one","validate-email-title":"Verify your email","validate-email-description":"We sent a confirmation email to: \u003cstrong\u003e{{email}}\u003c/strong\u003e, please check your email and click on the confirmation link.","email-sent-to":"We sent you a confirmation email to {{email}}!","email-already-sent":"You have a pending invitation sent less than 1 day ago, check your email","coupon-already-applied":"Coupon already applied"},"alert-message-validate-email":{"title":"Verify email","description":"You haven't validated your email yet, login to your email account and look for the invitation","description2":"Don't forget to check your email spam inbox as well!"},"resend":"Resend","mentorship-bundle-title":"Mentorship sessions bundle","event-bundle-title":"Event bundle","compilation-bundle-title":"Compilation bundle","upgrade-a-plan":"Upgrade a plan","take-me-there":"Take me there","consumables":{"already-have-it":"Already have it","consumable-event-not-available":"This event is not available for your subscription","consumable-mentorship-not-available":"This mentorship is not available for your subscription","consumable-compilations-not-available":"Compilations are not available for your subscription","full-plan":"Full plan","basic-plan":"Basic plan","ran-out-of-events":"You ran out of events","ran-out-of-events-text":"You can purchase a event access bundle or purchase a plan here:","and-get-event-access":"And join to more events","purchase-one-or-more-events":"Purchase one or more event access","ran-out-of-mentorships":"You ran out of mentorships","ran-out-of-mentorships-text":"You can purchase a mentoring session bundle or purchase a plan here:","and-get-mentorship-access":"And get more mentorships","purchase-one-or-more-sessions":"Purchase one or more sessions","ran-out-of-compilations":"You ran out of compilations","ran-out-of-compilations-text":"You can purchase a compilation bundle or purchase a plan here:","and-get-compilations-access":"And get more compilations","purchase-one-or-more-compilations":"Purchase one or compilations","avoid-monthly-commitment":"Avoid monthly commitment","select-bundle":"Select your bundle:","change-my-selection":"Change my selection","purchase-completed-title":"You have successfully completed the purchase","you-have-received":"You have received","events":"events","sessions":"sessions","compilations":"compilations","back-to-dashboard":"Back to dashboard","confirm-purchase-connector":"You are about to buy:","qty-events-to-consume":"{{qty}} events to apply","qty-mentorship-sessions":"{{qty}} mentorship sessions","qty-compilations-to-consume":"{{qty}} compilations","price-event-per-qty":"{{price}} per event","price-mentorship-per-qty":"{{price}} per mentorship","price-compilation-per-qty":"{{price}} per compilation","confirm-purchase":"Confirm purchase"},"select-service-of-plan":{"title":"Which experience do you want to upgrade?","description":"We have plans with mentoring available for you, select one before continuing:","select-text":"Select experience","cohort-connector":"Cohort: {{name}}","subscription-not-found":"Subscription not found","no-plan-found-for-service":"You don't have any subscription related to the following services:"},"get-premium":"Get Premium","pricing":{"already-have-plan":"You already have it","monthly-plans":[{"plan_slug":"4geeks-basic-subscription","plan_id":"p-0-trial","title":"Basic","currency":{"code":"USD","name":"US Dollar"},"trial_duration":0,"trial_duration_unit":"MONTH","price":0,"price_text":"Free","period":"FREE","period_label":"","isFreeTier":true,"planType":"original","type":"FREE"},{"plan_slug":"with-feedback","plan_id":"p-50","title":"Monthly payment","currency":{"code":"USD","name":"US Dollar"},"trial_duration":0,"trial_duration_unit":"MONTH","price":20,"price_text":"$19.99","discount_text":"$150","period":"MONTH","period_label":"Per month","isFreeTier":false,"planType":"suggested","type":"PAYMENT"}],"yearly-plans":[{"plan_slug":"4geeks-basic-subscription","plan_id":"p-0-trial","title":"Basic","currency":{"code":"USD","name":"US Dollar"},"trial_duration":0,"trial_duration_unit":"MONTH","price":0,"price_text":"Free","period":"FREE","period_label":"","isFreeTier":true,"planType":"original","type":"FREE"},{"plan_slug":"with-feedback","plan_id":"p-480","title":"Yearly payment","currency":{"code":"USD","name":"US Dollar"},"trial_duration":0,"trial_duration_unit":"MONTH","price":200,"price_text":"$15.99","period":"YEAR","period_label":"Per month","isFreeTier":false,"planType":"suggested","type":"PAYMENT"}],"basic-plan":{"type":"Fly Solo","title":"Try the self-paced experience for free and decide later","hook-message":"Try the self-paced experience for free and decide later","description":"Start learning and discover our amazing content and benefits","button":{"variant":"default","title":"Start for free"},"service_items":{"items":[{"label":"Unlimited Live workshop"},{"label":"1 One-on-one mentoring session"}]},"featured_info":[{"service":{"slug":"full-access-to-content","title":"Full access to content","icon":"content"},"features":[{"description":"Hundreds of interactive exercises, projects, and lessons are available thanks to \u003ca style=\"text-decoration: underline;\" target=\"__blank\" href='https://learnpack.co' \u003eLearnPack\u003c/a\u003e, our interactive engine."}]},{"service":{"slug":"access-to-courses","title":"Access to courses","icon":"courses"},"features":[{"description":"We offer a diverse range of courses across various technologies, providing you with opportunities to enhance your existing skills or delve into new ones."}]},{"service":{"slug":"ai-interaction","title":"Try our AI interaction","icon":"message"},"features":[{"description":"Try our internally trained AI models which can constantly review your code and give you feedback, advice as you code, and more."}]}]},"premium-plan":{"type":"Live \u0026 with feedback","title":"Learn at your own pace with feedback and live events","hook-message":"Learn at your own pace with feedback and live events","description":"All the content you need to become a hireable developer","button":{"variant":"default","color":"#000000","background":"#fff","title":"Get Plan"},"service_items":{"title":"Everything on Fly Solo plus...","items":[{"label":"Unlimited Live workshops"},{"label":"4 One-on-one Mentoring sessions"}]},"featured_info":[{"service":{"slug":"live-learning","title":"Live learning","icon":"video"},"features":[{"description":"We have many workshops and Live Events hosted by experts every week."}]},{"service":{"slug":"ai-feedback-support","title":"AI Feedback \u0026 support","icon":"message"},"features":[{"description":"Our internally trained AI models will constantly review your code and give you feedback, advice as you code and more. Plus we have a technical support chat 24/7."}]},{"service":{"slug":"access-to-community","title":"Access to community","icon":"community"},"features":[{"description":"We have many workshops and Live Events hosted by experts every week."}]},{"service":{"slug":"course-certificates","title":"Course certificates","icon":"certificate"},"features":[{"description":"Earn verifiable certificates as you complete each of the courses."}]}]}}},"dashboard":{"seo":{"title":"Dashboard"},"title":"Your News","moduleMap":"Module map","module":"Module","modules-count":"{{count}} Modules","pending-activities":"Pending activities","feedback-pending":"Feedback pending for review","path-to-claim":"Path to claim your certificate","open":"Open","completed":"Completed!","hours-worked":"{{hours}} Hours worked","issued-on":"Issued on {{date}}","share":"Share","hide-content":"Hide content","show-content":"Show content","start-course":"Start course","backToChooseProgram":"Back to choose program","progressText":"progress in the program","member-since":"{{role}} in this cohort since {{date}}","share-message":"I just finished coding {{title}} at 4geeks","micro-cohorts-description":"We know what we are doing, you should know too. Learn the process we have polished to make you learn 2 years of content in just a few weeks.","students-modal":{"students-course":"Students in this course","select-student":"Select a student to see their full report","filter-by-name":"Filter by name or email","student":"Student","no-students":"No students found"},"whiteLabeledText":"This course is brought to you thanks to our parnership with this university","free-trial-msg":"You are currently on a free trial, some features might be limited. \u003ca class='black-link' href='{{link}}'\u003eUpgrade your plan\u003c/a\u003e to have unlimited access!","intro-video-title":"Welcome!","join-cohort-page":{"seo-title":"Join to {{cohortTitle}}","cta-description":"Your current plan does not include access to this cohort, please upgrade to access the content.","cta-cohort-not-found":"This cohort does not exist or you don't have access to join.","cta-button":"Review plan","join-next-cohort":"Join next cohort","start-course":"Start this course","join-more":"Join more than 100 people taking this course right now","preview-description":"You are reviewing this cohort dashboard on \"preview mode\", in order to start learning and interact with the materials please join the cohort."},"already-have-this-cohort":"You are already a member of this cohort","modules":{"read":"Read","start":"Start","answer":"Answer","target-blank-title":"Open in new window","target-blank-msg":"\"{{title}}\" will open the following URL on a new window","search-not-found":"No matches found for this search","show-pending-tasks":"Show only Pending Tasks","activitiesLength":"{{count}} Activities","newActivities":{"title":"Hey! There are {{tasksLength}} new activities for this day","handler-text":"Sync now"},"start-message":"You have not started this module","no-activities":"The module doesn't have any lessons, exercises, or projects","start-module":"Start module"},"callToAction":{"title":"Today's lessons!","description":"Your lesson today is ","buttonText":"Start today's module"},"saasCohortcallToAction":{"title":"Last worked module","buttonText":"Continue where you left"},"cohortSideBar":{"title":"About your cohort","cohort":"Your Cohort","about-cohort":"About cohort","last-date":"Last Date:","start-date":"Start Date:","mainTeacher":"Main teacher","assistant":"Assistant Teachers","classmates":"Your classmates","active-classmates":"{{studentsLength}} Classmates","active-geeks":"{{studentsLength}} Active Geeks","alumni-geeks":"{{studentsLength}} Alumni Geeks","show-more":"More students","show-less":"Hide students","no-teachers":"This cohort does not have any teachers yet","no-assistant":"This cohort does not have any assistants yet","no-students":"This cohort does not have any students yet","no-active-students":"This cohort does not have any active students yet","no-graduated-students":"This cohort does not have any graduates yet"},"certificate-hooray":"Hooray! you just unlocked a certificate","supportSideBar":{"title":"Don't Get Stuck","description":"Did you know you can schedule mentoring sessions at any time or ask in the Support Chat?","no-mentors":"No mentors available","no-mentor-link":"No link to create session with this mentor","search-mentor":"Search mentor by name","start-mentorship":"To get started, select a mentorship type","mentoring-label":"Mentoring","mentoring":"Schedule a 1-1 mentoring session.","select-type":"Select a type of mentorship","mentoring-available":"Available mentorships","no-mentoring-available":"You have no mentorships available.","create-session-text":"Book now","learn-more":"Learn more.","learn-more-link":"https://4geeks.com/docs/knowledge-base-4geeks/mentoring-sessions","get-more-mentorships":"Get more mentorships","schedule-button":"Schedule a mentoring session","mentors-available":"+{{count}} Mentors available","service-not-found":"couldn't find service","mentor-not-found":"couldn't find mentor","actionButtons":[{"name":"mentoring","title":"Schedule mentoring","href":"#","icon":"conversation"},{"name":"support","title":"Ask in support chat","href":"https://4geeksacademy.slack.com","icon":"slack"}]},"mentorship":{"no-mentorship":"You have ran out of mentorships, but don't worry, you can get more in a few clicks.","get-unlimited-mentorship":"and get unlimited mentorship","you-have":"You have","available-sessions":"available sessions","tooltip":"Mentorships reload every week","mentor-sessions-available":"mentoring sessions available","action":"Schedule session","no-available":"No services available"},"schedule-steps":{"select-mentorship":"First select a type of mentorship","select-mentor":"Now search for a mentor","schedule":"Schedule the session"},"deliverProject":{"title":"Deliver assignment","how-to-deliver":"How to deliver projects","how-to-deliver-text":"Please submit a Github URL that points to your project as a Github repository. \u003ca class='link' target='blank' href='{{link}}'\u003eHow to deliver projects\u003c/a\u003e","handler-text":"Deliver assignment","mandatory-message":"It looks like you need to complete at least {{count}} open projects before you can earn you certificate","deliver-confirm":"I confirm that this submission is entirely my own work, and I understand the consequences of violating the terms and conditions.","see-mandatory-projects":" See mandatory projects","file-upload":"Upload one or more files with no more than 10MB in the following formats: ","error-file-format":"File format is not correct.","error-file-size":"File size must be less than 10mb.","total-size":"Total size {{size}}","invalid-url":"Invalid URL, expected link must contain: {{url}}","url-is-required":"URL is required","no-delivery-needed":"To deliver this assignment you are not required to upload or specify anything, just click on the button below \"Deliver assignment\" and it will be considered done."},"mandatoryProjects":{"title":"Pending mandatory projects","showing-comments":"Showing comments","description":"You have pending mandatory subjects, you have to finish them in order to complete the course."},"modalInfo":{"title":"Review status","still-reviewing":"Your teacher is still reviewing your delivery and will provide feedback once it's done","reviewed":"Your teacher has reviewed your delivery and has provided feedback","approved":"Your teacher has successfully approved your project!","files-sended":"File list sent:","rejected":{"title":"Your teacher has rejected your project","teacher-feedback":"Teacher feedback:","remove-delivery":"Remove delivery","resubmit-assignment":"Resubmit assignment"},"link-info":"Sent to teacher:","remove-delivery":"Remove delivery","non-github-url":{"title":"non-Github URL detected","description":"Usually projects are delivered through Github, are you sure you want to submit a non-Github URL?","confirm":"Confirm","cancel":"Cancel"}},"warningModal":{"title":"synchronize with Github","sub-title":"Your Github account is not connected","text":"4Geeks is seamlessly integrated with Github for an optimal learning experience, we strongly recommend connecting your GitHub account.","text2":"Github hosts 90% of the world's code and it has become one of the most important assets for tech professionals. \u003ca href='https://4geeks.com/docs/knowledge-base-4geeks/keep-your-projects' class='link' \u003eClick here\u003c/a\u003e to learn more about why and how we use your Github credentials.","connect":"CONNECT WITH GITHUB","skip":"Skip for now"},"unsynced":{"title":"There are {{taskLength}} unsynced cohort tasks","description":"These tasks may be deleted and lost in the future. Make sure to sync them if you don't want to lose them.","unsync":"Remove unsynced","sync":"Sync with current cohort","reject-unsync-title":"Please confirm your action to reject all unsynced tasks","confirm":"Confirm","cancel":"Cancel"},"attendance-modal":{"start-today-class":"Start today's class","select-students":"Select the students in the class","showing-students-with-active-educational-status":"Only showing students with active educational status","apply-changes":"Apply changes","students-selected":"{{count}} students selected","student-selected":"{{count}} student selected","day":"Day","module":"Module","attendance-taken-table-message":"This information is displayed based on the last assistance issued on the selected day, with the date issued in UTC time.","attendance-already-taken":{"title":"Modify attendance?","description":"The attendance for this day has already been taken. Are you sure you want to modify it?"},"warn-slower-teaching":{"title":"Delayed module start","description":"Are you sure you want to start teaching \u003cstrong\u003e{{module}}\u003c/strong\u003e? You are about to teach the current module for {{repeated}} days and the suggested duration is {{expected}} days."}},"teacher-sidebar":{"actions":"Actions","take-attendancy":"Take attendance","review-attendancy":"Review attendance","assignments":"Assignments","student-progress":"Student Progress","teacher-tutorial":"Teacher tutorial","no-instructions":"\u003e:warning: No available instruction found for this module"},"welcome-modal":{"title":"Welcome to 4Geeks!","description":"Watch this short video that explains how to get the most out of 4Geeks and enhance your learning experience"},"repository-deletion":{"title":"These repositories will be deleted soon","warning":"The following repositories are about to be deleted. Accept the transfer request that you should've received on your email to avoid the deletion.","description":"The following repositories will be deleted soon if you don't accept the transfer request. You should've received an email requesting the transfer to your github user, accept it to avoid deletion","see-repositories":"See repositories","days-left":"{{days}} days left","deletion-imminent":"Deletion imminent"}},"choose-program":{"seo":{"title":"Choose program"},"title":"Your Programs","welcome-back-user":"Welcome, {{name}}","hello-user":"Hello, {{name}}","rigo-chat":{"welcome-message":"Hi {{firstName}}! I see you are on the course {{cohortName}}. Is there anything you would like to know about it?"},"welcome":"Welcome","your-active-programs":"Your active programs","join-our-community":"Join our community","enroll-programs":"Enroll in one of our programs!","not-enrolled":"You are not enrolled in any cohort","available-programs":"Available programs","read-to-start-learning":"Ready to start learning?","whats-app-link":"https://chat.whatsapp.com/CBppI0ulMt8Dx4Fsw9AreG","welcome-video":"https://www.youtube.com/embed/ijEp5XHm7qo","invite":{"notify":"Hey! There are {{cohortInvitationWord}} for you to accept.","plural-word":"{{invitesLength}} new cohort invitations","singular-word":"{{invitesLength}} new cohort invitation","show":"show invites","hide":"hide invites","accept":"Accept"},"finished":{"plural":"There are {{finishedCohorts}} programs you have already finished.","singular":"There is {{finishedCohorts}} program you have already finished.","show":"click here to display them","hide":"click here to hide them"},"program-list":{"mentors-available":"{{count}} Mentors available","start-course":"Start course","continue-course":"Continue course"},"roles-info":"Roles are only displayed in development mode","launch-program":"Launch this program","description":"These are the courses and cohorts that we found you are currently taking, please choose the course you want to take today:","sidebar":{"live-events-title":"Learn LIVE","join-our-community":"Join our community"},"feedback":{"title":"Feedback","connect-rigobot-text":"You need to connect to Rigo AI in order to obtain feedback.","connect-rigobot":"Connect with Rigobot","why-feedback-text":"Feedback plays an important role when learning technical skills","learn-why":"Learn why","code-review":"Code review","no-code-reviews-text":"You have not received any feedback yet","start-interacting":"Start interacting with your mentor or with your assignments to receive feedback here.","connect-github-connector":"before you can use Rigobot and get feedback on your code.","from":"From {{name}}"},"late-payment":{"title":"Action Required: Late Payments","description":"Your account has pending payments for cohort \u003cstrong\u003e{{cohort_name}}\u003c/strong\u003e. Please contact \u003cstrong\u003e{{academy_name}}\u003c/strong\u003e coordinator to restore full access to all features. Thank you for your prompt attention."}},"projects":{"seo":{"title":"Projects","description":"A place to work on new projects and improve your knowledge about coding programming.","keywords":["interactive coding projects","projects"],"image":"{{domain}}/static/images/4geeks.png"},"title":"Projects","search":"Search Projects","filter":"Filter","filters":"Filters","description":"Practice and develop your coding skills by building real live interactive autograded projects with solutions and video tutorials","backToProjects":"Back to Projects","table":{"title":"Goal","description":"4Geeks Coding Projects tutorials and exercises for people learning to code or improving their coding skills"},"landing-technology":{"title":"Practice {{technology}} building interactive projects","subTitle":"What to build with {{technology}}"},"share-certificate":{"title":"Share your progress","share-via":"You have finished the project {{project}}, every project you finish is worth celebrating, share your progress via:"}},"assignments":{"back-to":"Back to Dashboard","title":"Assignments","students-view":"students","projects-view":"projects","final-projects":"Final Projects","no-final-projects":"No final projects found","no-upload-students":"The following students are still pending to upload their final project information.","see-students":"See students","no-information":"It is possible that the student never opened this assignment. No information was found about this student assignment","sync-cohort":"You can synchronize all the students tasks in the cohort","sync":"Synchronize","sync-cohort-title":"Synchronize cohort","sync-warning":"WARNING: This operation should only be performed on cohorts with serious synchronization problems","cancel":"Cancel","error-msg":"Something went wrong while synchronizing the cohort","educational-status":"Educational Status","delivered-percentage":"% delivered","last-deliver":"Last delivery: {{date}} ago","no-deliver":"No deliveries yet","pending-upload-modal":{"title":"STUDENTS WITH Pending final project","description":"The following students are still pending to upload their final project information. "},"project-status":{"done":"Done","pending":"Pending"},"status":{"delivered":"Delivered","approved":"Approved","rejected":"Rejected","undelivered":"Undelivered","pending":"Pending","ignored":"Ignored"},"educational-list":{"active":"Active","postponed":"Postponed","graduated":"Graduated","suspended":"Suspended","dropped":"Dropped"},"type":{"project":"Project","quiz":"Quiz","lesson":"Lesson","exercise":"Exercise"},"label":{"status":"Status","student-and-assignments":"Student and Assignments","link":"Link/File","actions":"Actions","files-received":"{{files}} Files delivered","link-received":"Link delivered"},"sort":{"student":"Sort By Student"},"filter":{"type":"Filter by Type","project":"Filter by Project","student":"Filter by Student","status":"Filter by Status","educational-status":"Filter by Educational Status","assignments-length":"Current list of {{total}} assignments"},"task-handler":{"review":"Review","deliver":"Deliver","undo-approval":"Undo Approval","confirm-undo":"Are you sure you want to undo approval for {{student}}?"},"deliver-assignment":{"title":"Deliver assignment","label":"Unique Delivery URL","hint":"Share the link with the student","feedback":"Feedback","button":"Ignore task","ignore-task":"Ignore task","confirm-ignore":"Are you sure you want to ignore this task for {{student}}?","mark-as-pending":"Mark as pending","copy":"Copy link","copied":"Copied!"},"review-assignment":{"title":"Assignment Review","reject":"Reject","approve":"Approve","files":"Files","description":"Description","github-url":"Github URL","comment-placeholder":"Comment or feedback for the student (optional)","no-review-required":"This project can be approved without requiring review since it was not necessary to send any file or url"},"code-review":{"assignment-review":"Assignment review","write-feedback":"Write a feedback","rigobot-code-review":"Rigobot code review","info-student":"This project needs to have at least 3 code reviews in order to be accepted or rejected by your teacher.","info-teacher":"This project needs to have at least 3 code reviews in order to be accepted or rejected.","waiting-for-review":"Waiting for review","student-name":"Student {{name}}","project-delivered":"Project delivered:","delivered-at":"Delivered at:","your-teacher-said":"Your teacher said:","feedback-will-be-shown-here":"The teacher's feedback will be shown here if it's approved","read-code-reviews":"(Read code reviews)","count-code-reviews":"{{count}} code reviews","read-and-rate-the-feedback":"Read and rate the feedback","start-code-review":"Start code review","why-approve":"Why are you approving this assignment?","why-reject":"Why are you rejecting this assignment?","resubmit-assignment":"Resubmit Assignment","start-review-here":"Start your review here...","send-feedback":"Send feedback","filename":"Filename","feedback-status":"Feedback status","reviews":"Reviews","start-review":"Start review","no-files-to-review":"No files to review","student-has-no-files-to-review":"The student has no files to review yet. But you can still approve or reject the assignment, and leave a comment.","student-has-no-files-but-has-been-approved":"The student has no files to review yet. But the assignment has been approved.","code-review-successfully-sent":"The code review was sent successfully.","start-other-code-review":"Start other code review","select-file-to-review":"Select the file you want to review from:","assignment-approved-msg":"Your teacher has approved your project.","assignment-rejected-msg":"Your teacher has rejected your project.","submited-assignments-count":"You have submitted {{count}} code reviews","teacher-has-reviewed-your-code":"{{name}} has reviewed your code and provided the following feedback:","code-review":"Code review","reviewing":"Reviewing","selection-code-text":"You have made your selection, please confirm to start your code review by clicking on the following button. Otherwise select another piece of the code.","you-selected-the-code":"You've selected the following code:","use-your-mouse-to-select-code":"Use your mouse to select the part of the code you want to give feedback about.","write-comment":"Write comment","send":"Send","skip":"Skip","did-feedback-useful":"Did you find this feedback useful?","rate-comment":"Rate this comment","you-liked-this-comment":"You liked this comment","you-disliked-this-comment":"You disliked this comment","comment-was-sent-successfully":"Your comment was sent successfully.","back-to-comments":"Back to comments","code-review-started-msg":"Code review has stared: Please give some feedback about the code based on the coding guidelines. You can read more about the guidelines","here":"here","review":"Review","write-feedback-msg":"Write a well understandable review","submit-code-review":"Submit Code Review","person-has-commented":"{{name}} has commented:","go-to-review":"Go to review","teacher-has-not-reviewed-files":"Your teacher has not reviewed any files yet. try again later."}}}},"page":"/cohort/[cohortSlug]/[slug]/[version]","query":{"cohortSlug":"latam-pt-ds-9","slug":"machine-learning-pt-16w","version":"v4"},"buildId":"pzSlG-2DBQStFWH6IsMrT","runtimeConfig":{"BREATHECODE_HOST":"https://breathecode.herokuapp.com","BC_ACADEMY_TOKEN":"c6fe193405438832e2790dfb1d6253200fe16775","SYLLABUS":"full-stack,machine-learning-pt-16w","TAG_MANAGER_KEY":"GTM-526XJM6","GOOGLE_GEO_KEY":"AIzaSyD3zz3Mcqx6LipLHuIKk9x3U0J2wz4RwqQ","CAPTCHA_KEY":"6LeTY_cpAAAAADrwqlx8qLo6akiY3X-0zGH0ZqCg","RIGOBOT_HASH":"4ce70b0f716543c3a97a9078e79ba785"},"isFallback":false,"isExperimentalCompile":false,"appGip":true,"locale":"en","locales":["en","es"],"defaultLocale":"en","scriptLoader":[]}</script></body></html>